barcode ,,row ,tiller count,gs39,   gs55,GS65,flag leaf senescence,plant wt,stem ht,top internodeL,tiller no,1? earLength,2nd ear L,3rd ear L,1?fg lf L,1?ear wt,other ear wt,disease_score1,disease_score2
W8-001111,Alchemy-1A,C4,>,123,129,140,171,78,48.5,28,20,10,11,10.5,33.5,4.01,47.0,3,3
W8-001112,Alchemy-1A,G7,>,125,129,143,171,75,45,29,19,11,11,10.5,44.5,4.02,44.8,1,1
W8-002111,Avalon,C3,<,123,130,143,*** base rot ,23,35,17,10,11,10,12,39,0.89,7.5,1,1
W8-002112,Avalon,F6,>,125,136,147,160,76,51.5,32,18,10.5,11,10.5,45,4.10,42.5,2,2
W8-003111,Brompton-1A,C1,22,130,137,150,180,77,50.5,22.5,20,12,11,10.5,22,4.48,40.1,1,1
W8-003112,Brompton-1A,G4,>,132,143,150,182,72,48,21.5,22,11.5,10.5,10,27,3.98,35.0,2,2
W8-004111,Cadenza,E2,<,106,109,129,150,79,65.5,34,17,10,11.5,12,30.5,4.33,47.1,1,1
W8-004112,Cadenza,A6,<,104,108,129,158,83,60,29.5,21,8.5,10.5,10,26,3.29,48.8,1,1
W8-005111,Claire-4,B1,15,120,125,136,152,81,37.5,24,24,10.5,11,10.5,40.5,2.59,45.4,0,1
W8-005112,Claire-4,F4,<,120,126,,166,71,45.5,27.5,23,11.5,11.5,11,41.5,3.80,36.4,1,0
W8-006111,Hereward-1A,C4,>,130,138,,182,64,49,26.5,20,11,11,10.5,26,3.18,33.0,3,2
W8-006112,Hereward-1A,G7,>,132,143,180,182,54,51.5,28,20,11,10,10.5,29,3.18,25.1,3,2
W8-007111,KWS Santiago,B1,21,125,134,143,160,83,52,29.5,23,12.5,12,11.5,32.5,4.68,47.9,1,1
W8-007112,KWS Santiago,F4,>,132,143,150,182,67,57,28,20,12,11,12,26,4.02,35.5,1,1
W8-008111,Rialto-4,D1,12,130,139,152,178,86,69,28,16,12.5,13,12.5,25,4.85,44.0,1,1
W8-008112,Rialto-4,A5,>,130,140,,182,92,60,26,25,11,11.5,11,23,3.45,32.4,0,0
W8-009111,Robigus-1,B3,<,125,137,143,166,59,45.5,27.5,20,10.5,10,10,36.5,3.51,30.8,1,1
W8-009112,Robigus-1,E6,>,125,140,150,175,62,37,27.5,33,7.5,8,8.5,32,1.21,33.6,1,2
W8-010111,Soissons-1,A3,>,113,120,,160,69,51.5,21.5,20,8.5,9,8.5,25,3.42,42.9,1,1
W8-010112,Soissons-1,E6,>,111,119,129,150,72,50,24.5,20,9.5,10,9.5,31,3.81,44.7,0,1
W8-011111,Xi-19-1,D1,9,106,113,129,150,78,52.5,30.5,19,12,12.5,11,31.5,5.43,46.8,1,3
W8-011112,Xi-19-1,A5,<,106,112,129,150,63,49,27.5,19,11.5,12,11.5,31.5,4.02,36.2,2,2
W8-012111,Zircon,G1,10,109,111,,150,85,53.5,28.5,22,10,10,10.5,30,3.63,50.3,0,0
W8-012112,Zircon,D5,>,104,124,140,158,90,56.5,32,26,8,10,10,27,3.02,55.0,0,0
W8-013111,MEL 001-1a,E3,>,123,134,140,171,100,66,32.5,21,11,11.5,11.5,31.5,4.36,56.1,2,3
W8-013112,MEL 001-1a,A7,>,125,133,140,171,106,71,29,19,12,11,12,30,4.97,54.4,3,3
W8-014111,MEL 002-1,F2,>,134,148,194,196,71,47,25,24,11.5,9.5,9.5,28,3.19,35.8,1,0
W8-014112,MEL 002-1,B6,>,132,143,154,180,70,45,25,23,11.5,10.5,10.5,26.5,3.27,36.8,1,1
W8-015111,MEL 003-1a,A4,<,123,131,136,166,54,40.5,17.5,13,10.5,10,9.5,30,4.33,31.8,3,3
W8-015112,MEL 003-1a,D7,<,125,131,138,166,66,44,17.5,14,10.5,9.5,10,26,5.21,39.8,4,3
W8-016111,MEL 004-1,E3,>,125,134,143,171,108,63.5,27,21,13.5,13,12.5,27,4.72,53.9,1,0
W8-016112,MEL 004-1,A7,>,127,136,143,175,100,69,27,17,13,11.5,11.5,31,5.10,48.7,1,0
W8-017111,MEL 005-1,B2,>,143,155,171,,41,24,16.5,35,14,13.5,13,26.5,2.96,13.8,1,1
W8-017112,MEL 005-1,F5,>,148,160,175,,42,27.5,18.5,28,13,13,13,26,2.75,16.6,1,1
W8-018111,MEL 006-1,C3,<,125,130,143,160,77,48,26.5,16,12,12.5,12,34.5,4.39,41.6,2,2
W8-018112,MEL 006-1,F6,>,125,136,147,160,73,58.5,27,18,12,12,12,33,4.56,39.0,1,2
W8-019111,MEL 007-1a,E1,22,130,139,150,178,80,50,26.5,19,12.5,12,11,25,3.99,43.5,1,1
W8-019112,MEL 007-1a,A5,>,132,140,145,185,72,43.5,26.5,19,12,11.5,11.5,31,3.24,36.4,0,0
W8-020111,MEL 008-1,D3,>,125,134,145,171,82,49,27,14,14,13.5,13.5,35,6.27,42.9,2,2
W8-020112,MEL 008-1,A7,>,130,136,175,178,76,48.5,27.5,15,14,14,13.5,34.5,5.07,39.9,1,0
W8-021111,MEL 009a-1,F2,>,134,144,150,182,92,51,23.5,21,14.5,13,14,29.5,3.91,45.3,1,2
W8-021112,MEL 009a-1,B6,<,132,143,145,182,71,51.5,27.5,14,14,13,13.5,33.5,5.45,31.6,1,0
W8-022111,MEL 010-1a,C4,>,123,129,138,160,92,62,35.5,18,13,12.5,12,39.5,4.64,47.0,3,3
W8-022112,MEL 010-1a,F7,>,123,129,140,150,89,60,36,18,12,12,11.5,43.5,4.17,45.0,3,3
W8-023111,MEL 011-1a,A2,>,137,144,152,182,68,51,27,22,13.5,13,12.5,27.5,3.12,29.7,2,2
W8-023112,MEL 011-1a,E5,>,132,143,152,175,86,51.5,26.5,20,14,13,13.5,28.5,3.99,39.6,2,2
W8-024111,MEL 012-1b,G1,17,130,141,150,166,84,51,27.5,22,12,10,11,34,2.74,33.6,1,2
W8-024112,MEL 012-1b,C5,>,132,143,152,178,82,46.5,24,23,12.5,11.5,11.5,24.5,3.06,31.3,2,2
W8-025111,MEL 013-1a,D2,>,127,137,143,175,63,38,23,18,12,11.5,12,32,3.84,36.1,1,1
W8-025112,MEL 013-1a,A6,>,132,140,150,193,56,39.5,23,19,11.5,11,12,29,3.62,29.0,1,1
W8-026111,MEL 014-2,A3,>,125,137,143,158,96,70.5,37.5,23,11.5,10.5,10,45.5,3.46,45.5,1,1
W8-026112,MEL 014-2,D6,>,130,140,147,166,110,75.5,33.5,26,13,12.5,12.5,33,4.52,52.0,1,1
W8-027111,MEL 015-2,D4,>,125,133,143,160,103,80,41,22,11,11,10.5,36,4.60,52.3,3,4
W8-027112,MEL 015-2,G7,>,125,133,143,158,107,83.5,44,21,11.5,11,10,37.5,4.41,50.4,4,4
W8-028111,MEL 016-1,D3,>,127,137,143,150,68,48,28,23,10.5,10.5,10,35.5,1.83,35.4,2,1
W8-028112,MEL 016-1,G6,>,130,140,152,175,84,52.5,29.5,20,10.5,10,10,38.5,3.12,39.6,1,1
W8-029111,MEL 017-2,A1,9,144,159,180,,46,40.5,28,26,13,13.5,13,28,2.84,18.7,0,0
W8-029112,MEL 017-2,D4,<,127,136,145,182,65,53.5,30.5,23,15,13.5,14,28.5,4.51,35.9,1,1
W8-030111,MEL 018-1,A1,29,127,142,178,178,99,64,28,22,11,9,9.5,24.5,4.04,48.8,1,1
W8-030112,MEL 018-1,D4,>,130,140,150,175,106,63,28,21,11,10,10.5,26,4.43,50.2,1,1
W8-031111,MEL 019-1a,D3,>,127,134,143,160,98,63.5,35.5,23,11.5,11.5,11,39,3.90,48.5,3,3
W8-031112,MEL 019-1a,G6,<,137,150,158,182,92,69,37,18,11.5,11,11,42,4.26,41.3,2,2
W8-032111,MEL 020-1,B3,>,134,144,,150,66,54,25.5,19,8.5,10,10,22.5,2.88,42.8,1,1
W8-032112,MEL 020-1,E6,>,111,122,131,150,92,58,31,22,11,10,10,33,4.46,53.1,1,1
W8-033111,MEL 021-1,A2,<,109,113,129,150,42,50.5,30.5,10,8.5,9.5,10,28,2.67,25.6,2,2
W8-033112,MEL 021-1,D5,>,104,112,129,150,56,52,30.5,16,8.5,10.5,9.5,28,2.73,33.8,3,3
W8-034111,MEL 022-1c,B4,>,123,131,140,150,72,41,27,21,12.5,12,12.5,39,3.66,38.9,2,2
W8-034112,MEL 022-1c,E7,>,125,133,143,158,90,42.5,28,20,13,13,12.5,37,4.15,45.4,2,2
W8-035111,MEL 023-1,D2,>,125,134,143,171,100,75.5,23.5,20,12.5,10,11.5,25,5.72,57.9,2,2
W8-035112,MEL 023-1,A6,>,127,131,140,171,88,68.5,23.5,17,11.5,11,11,26,4.89,52.1,2,2
W8-036111,MEL 024-1,D3,>,127,134,143,166,66,56.5,27,15,11,10,10,23,3.60,28.9,2,2
W8-036112,MEL 024-1,A7,<,137,147,160,193,74,56,25.5,13,11,10.5,11,23,4.17,33.0,2,1
W8-037111,MEL 025-1a,D3,>,123,127,133,166,60,42.5,21.5,17,10,10,9.5,30,3.87,35.3,2,2
W8-037112,MEL 025-1a,A7,>,120,126,136,171,58,48,22.5,12,10,10,10,29,4.38,30.5,1,1
W8-038111,MEL 026-1b,D2,>,125,137,143,166,56,46.5,24.5,14,12,11.5,10.5,30,4.98,30.8,1,1
W8-038112,MEL 026-1b,G5,>,130,143,152,180,60,51,28.5,11,12,11,10.5,34,5.42,25.6,1,0
W8-039111,MEL 027-1e,D1,15,123,132,138,158,86,83.5,23.5,18,9.5,10,9,29,4.75,42.0,2,2
W8-039112,MEL 027-1e,G4,>,130,140,150,171,86,81,36.5,19,9,9,9.5,32,3.85,39.6,2,2
W8-040111,MEL 028-1c,E2,>,123,132,140,171,78,68,22.5,15,12.5,13,12,22.5,5.01,38.2,3,3
W8-040112,MEL 028-1c,B6,>,123,129,136,166,92,69,25.5,15,13,13,13.5,26,5.88,51.6,3,3
W8-041111,MEL 029-1c,D1,13,127,139,145,175,142,85,37.5,14,12,11.5,11.5,35.5,5.75,50.1,1,1
W8-041112,MEL 029-1c,G4,<,141,150,160,196,96,85.5,40.5,12,12,11,11,36,6.04,43.9,1,0
W8-042111,MEL 030-1a,F2,>,139,151,158,189,70,57,20,19,10,10,9.5,19.5,3.22,36.3,1,0
W8-042112,MEL 030-1a,B6,<,139,150,158,171,66,48.5,20,19,10,10,9.5,17.5,3.67,33.3,0,1
W8-043111,MEL 031-1b,E1,15,127,139,145,171,104,64.5,34.5,23,11,11,11.5,32.5,3.74,50.5,1,1
W8-043112,MEL 031-1b,B5,<,125,136,143,160,96,63.5,35,15,11.5,10.5,11,42,4.37,41.9,2,1
W8-044111,MEL 032-1,A2,>,124,137,143,166,84,67,32,17,10.5,10.5,10,40,4.45,41.5,1,1
W8-044112,MEL 032-1,D5,>,125,138,150,166,102,67.5,37,16,11,10.5,10,42,4.83,47.8,2,1
W8-045111,MEL 033-1-A,C3,>,123,130,136,171,60,45.5,23.5,17,10.5,10.5,10.5,26.5,3.45,36.8,1,1
W8-045112,MEL 033-1-A,G6,>,125,133,140,175,61,54.5,23.5,20,10,10.5,10,26,3.07,35.9,2,2
W8-046111,MEL 034-4,A4,>,125,136,150,166,66,44,27,18,9,9.5,9,41,3.24,35.4,0,1
W8-046112,MEL 034-4,D7,>,127,136,143,166,86,44,27,17,9.5,11,10.5,39,3.73,40.9,1,1
W8-047111,MEL 035-1,C2,<,120,125,129,166,64,52.5,28,22,10,11,10.5,29,1.93,37.7,1,1
W8-047112,MEL 035-1,F5,<,123,129,136,150,68,53.5,31.5,18,9.5,10.5,10,37.5,3.17,40.5,1,2
W8-048111,MEL 036-1b,C3,>,127,139,,166,114,67,32.5,23,10,10.5,10,29.5,3.65,54.5,2,1
W8-048112,MEL 036-1b,F6,>,137,147,158,178,100,66,34,20,10.5,10,10,34,3.84,46.0,1,0
W8-049111,MEL 037-1a,G3,>,127,138,147,171,108,93,40.5,19,11,11,11,34.5,4.87,56.6,2,2
W8-049112,MEL 037-1a,C7,>,120,129,136,160,118,87.5,38,20,11,11,11,31.5,5.06,61.6,2,2
W8-050111,MEL 038-1a,A4,>,132,143,150,175,47,32.5,22,15,13,12.5,12,37.5,3.54,24.9,1,1
W8-050112,MEL 038-1a,D7,>,117,130,,175,58,32.5,22.5,17,13,12.5,11,37.5,3.46,31.6,2,2
W8-051111,MEL 039-1a,A3,>,123,132,143,160,100,72,40,18,9.5,9.5,9.5,39,4.99,51.8,0,0
W8-051112,MEL 039-1a,E6,>,125,133,143,171,108,72,39,17,10,10,9.5,37,5.76,52.0,0,1
W8-052111,MEL 040-1c,D2,>,127,139,143,160,92,50,29.5,21,12.5,12,12,34.5,4.12,51.0,1,1
W8-052112,MEL 040-1c,G5,>,137,147,158,182,80,56,32,20,13,12.5,11.5,41.5,3.76,40.3,0,1
W8-053111,MEL 040-2b,B4,>,127,136,145,154,60,44,29,21,12,11,11.5,44,2.37,27.0,4,4
W8-053112,MEL 040-2b,F7,>,130,138,147,166,82,49,27,21,11.5,11,11.5,38,3.89,42.5,2,1
W8-054111,MEL 040-2c,G3,<,134,150,158,182,92,65,24,17,10,10,11,31,4.40,37.9,3,3
W8-054112,MEL 040-2c,D7,>,127,140,147,160,106,59,30.5,22,10.5,10,11,38,3.79,45.1,2,3
W8-055111,MEL 041-1a,A3,>,127,136,143,175,60,38.5,19,19,10,10.5,10.5,27.5,2.60,29.1,0,0
W8-055112,MEL 041-1a,E6,>,127,138,147,166,92,55.5,26,19,11,10.5,10.5,30,3.55,41.4,1,0
W8-056111,MEL 042-1b,C1,10,127,137,171,171,98,51,26.5,19,12.5,12,12,35,5.23,49.6,1,1
W8-056112,MEL 042-1b,F4,<,130,143,145,166,76,41,22.5,17,13.5,12,12,49.5,4.48,37.2,2,1
W8-057111,MEL 043-1,A1,19,130,141,150,182,107,74,35,17,12.5,11.5,12.5,27,5.40,52.9,2,2
W8-057112,MEL 043-1,E4,>,132,143,154,182,81,48,28.5,21,13,13,11.5,32.5,3.77,40.3,2,1
W8-058111,MEL 044a-1,B1,20,127,134,143,160,66,47,31,19,10,10,10,33.5,3.23,34.3,2,2
W8-058112,MEL 044a-1,F4,>,127,138,150,171,56,39,28.5,19,10.5,10,9.5,40,2.65,28.4,2,2
W8-059111,MEL 045-1a,G1,10,123,132,140,150,52,51,24,13,11,10.5,10.5,32.5,4.00,29.6,2,2
W8-059112,MEL 045-1a,D5,>,120,129,136,150,60,58,21.5,18,10,10,10,25.5,3.92,35.1,3,4
W8-060111,MEL 046-1,E2,>,125,134,143,160,92,52,30,18,12,11,11.5,36.5,4.15,44.0,2,2
W8-060112,MEL 046-1,A6,>,127,136,145,178,70,54,30.5,18,11,11,10,33,3.75,35.0,2,2
W8-061111,MEL 046-7,A4,>,123,136,154,150,93,64.5,31.5,20,11,10.5,9,42,3.75,42.9,1,2
W8-061112,MEL 046-7,E7,>,116,126,136,150,96,63.5,30.5,20,10.5,10,10.5,39.5,4.13,47.3,2,3
W8-062111,MEL 048-1a,A1,16,125,130,136,152,64,42.5,22.5,18,11.5,10,11,37,3.40,36.9,2,2
W8-062112,MEL 048-1a,E4,>,120,124,133,150,66,56.5,35,19,11.5,11.5,10,34.5,3.85,35.8,2,3
W8-063111,MEL 049-2,C3,>,125,132,138,143,74,43,16.5,19,12,12,11.5,26,3.58,43.3,2,2
W8-063112,MEL 049-2,G6,>,132,140,150,185,66,53,21.5,18,11.5,11.5,10.5,19,3.55,33.2,2,2
W8-064111,MEL 050-1,C4,>,116,119,126,152,56,42,24,16,10,10,10,30.5,3.60,34.2,1,1
W8-064112,MEL 050-1,G7,>,120,126,133,160,59,45,24,17,10,10,10,30.5,3.23,34.0,1,2
W8-065111,MEL 051-1c,C2,>,125,137,143,171,66,67,35,11,12,13.5,12,25.5,3.76,28.3,2,2
W8-065112,MEL 051-1c,G5,<,118,122,138,150,72,60,32.5,12,10,12.5,13,33.5,3.24,31.6,1,1
W8-066111,MEL 052-1,G2,>,?,125,136,152,92,57.5,37,17,10,10,8,42.5,4.11,42.6,1,1
W8-066112,MEL 052-1,C6,>,116,122,131,152,102,70,38,19,10.5,10,10,40.5,5.15,56.3,2,2
W8-067111,MEL 053-1a,C1,21,123,132,143,154,56,39,28,17,9.5,10.5,10.5,40.5,2.71,27.6,1,1
W8-067112,MEL 053-1a,F4,<,127,138,145,166,64,47,28,13,11,10.5,11,34,4.35,25.3,0,0
W8-068111,MEL 054-1,A4,<,128,131,154,150,46,33.5,22.5,15,9.5,10,11,32,2.53,24.9,0,1
W8-068112,MEL 054-1,D7,>,123,129,133,150,58,33,22,19,10.5,10.5,11,32,2.96,32.5,1,2
W8-069111,MEL 055-1a,A1,14,130,139,147,160,86,63,34.5,15,11.5,11,10,35,4.40,37.4,3,3
W8-069112,MEL 055-1a,E4,<,127,138,147,171,86,69.5,34,12,13,11,11,40,5.99,38.9,3,3
W8-070111,MEL 056-1,E3,<,127,137,150,175,106,54,25.5,15,13,12.5,12.5,30,5.61,48.2,1,1
W8-070112,MEL 056-1,A7,>,132,131,140,166,98,56,26.5,18,13.5,13,12.5,34,5.02,51.9,2,1
W8-071111,MEL 057-1a,G2,>,137,146,158,182,58,44.5,27.5,15,12,12,12,30.5,3.64,24.0,3,2
W8-071112,MEL 057-1a,D6,>,130,138,145.0,175,60,41,24,20,11.5,11.5,12,30,4.03,29.2,2,2
W8-072111,MEL 058-1,E1,14,130,141,150,185,106,82.5,39,15,13,12.5,13.5,22,5.13,46.9,0,0
W8-072112,MEL 058-1,A5,>,127,136,143,171,110,70,37,15,13,12,13,35,5.28,30.2,0,0
W8-073111,MEL 059-1a,A2,>,125,132,138,160,46,36.5,24.5,18,10.5,10.5,10,38,2.47,21.6,2,2
W8-073112,MEL 059-1a,D5,>,125,133,138,175,70,46,23.5,26,11,11,11,26.5,2.88,35.7,2,2
W8-074111,MEL 060-1a,G3,>,132,143,154,182,120,80.5,29.5,22,11,10.5,10.5,29.5,4.34,49.4,1,0
W8-074112,MEL 060-1a,C7,>,127,136,143,171,111,78,29.5,20,11,10.5,10.5,25,4.71,53.5,1,0
W8-075111,MEL 061-1,A2,<,104,113,129,150,56,44,25,23,10,10.5,10.5,34,2.69,30.7,1,1
W8-075112,MEL 061-1,D5,<,104,110,129,147,67,46.5,25.5,18,10,10.5,12,?,3.00,38.2,2,2
W8-076111,MEL 062-1a,G1,15,130,137,145,175,86,51,26.5,21,13.5,13.5,13,34,4.05,42.3,1,2
W8-076112,MEL 062-1a,C5,<,127,136,143,175,74,49.5,25.5,16,13,12.5,11,33.5,4.76,37.2,1,1
W8-077111,MEL 063a-1,E3,>,125,132,140,160,62,35,21.5,17,12,12,10.5,34,3.27,31.7,1,2
W8-077112,MEL 063a-1,A7,>,125,129,138,178,60,30,20,21,11.5,9.5,11,28.5,2.67,32.1,1,1
W8-078111,MEL 064-1a,B3,>,120,130,136,154,86,52,32,19,10.5,10,10.5,41,3.42,41.8,2,3
W8-078112,MEL 064-1a,E6,>,125,133,143,150,96,58,36,20,11,10,10,33.5,3.97,46.2,3,4
W8-079111,MEL 065-1b,B1,33,125,132,138,158,80,46.5,29.5,22,11.5,11,11,42.5,3.64,38.7,2,2
W8-079112,MEL 065-1b,F4,>,127,138,147,175,90,58,25.5,23,12,11.5,10.5,28,4.31,38.5,3,3
W8-080111,MEL 066-1a,D3,>,132,146,154,182,68,44.5,26.5,24,10,10,9.5,25,2.60,27.8,0,0
W8-080112,MEL 066-1a,G6,>,139,150,160,193,74,55,30.5,22,10,10,10,26,2.70,33.2,1,1
W8-081111,MEL 070-1a,D2,>,120,127,136,158,74,48,24,26,11.5,11,11,33.5,3.43,44.6,1,1
W8-081112,MEL 070-1a,G5,<,125,133,145,171,82,53,28.5,19,11.5,11.5,11.5,35,4.07,37.5,0,0
W8-082111,MEL 071-1a,E3,>,127,139,147,166,98,66.5,34,23,12,12.5,11.5,35,3.65,47.7,2,2
W8-082112,MEL 071-1a,B7,>,127,133,143,150,86,64,35,19,12,12,12,38,3.71,42.2,2,3
W8-083111,MEL 072-1a,D2,<,139,153,160,199,63,50.5,28.5,20,13.5,12.5,12,23,3.65,34.8,0,0
W8-083112,MEL 072-1a,G5,<,132,143,152,166,66,60.5,29,18,11,11,10.5,32,4.45,35.9,1,2
W8-084111,MEL 073-1,G3,>,137,147,158,189,86,53.5,23,19,13,12,12,32,4.19,35.5,3,2
W8-084112,MEL 073-1,C7,>,130,140,150,171,98,57,25.5,21,13,12.5,11.5,30.5,4.44,45.8,3,2
W8-085111,MEL 074-1,E1,12,130,144,150,175,76,52.5,28.5,18,11,9.5,10,34,4.03,40.7,1,1
W8-085112,MEL 074-1,A5,>,130,143,145,158,58,49,27.5,27,9.5,9,9.5,28,2.03,28.0,0,0
W8-086111,MEL 075-1a,F3,<,132,143,145,178,58,51.5,27.5,15,12,11,11.5,29.5,3.54,31.7,0,1
W8-086112,MEL 075-1a,C7,>,125,129,136,152,74,45.5,28.5,18,11.5,11.5,11.5,33,4.22,43.8,2,2
W8-087111,MEL 076-1c,C4,>,125,133,143,158,76,50.5,28,22,11.5,10,11,38.5,3.64,41.8,2,2
W8-087112,MEL 076-1c,F7,>,127,136,145,160,74,56,29,20,11.5,10,11,38,4.21,40.4,1,2
W8-088111,MEL 077-3,A3,>,127,134,143,180,66,50.5,30,16,10,9.5,8.5,38,3.91,34.2,1,1
W8-088112,MEL 077-3,D6,>,134,143,154,193,82,64.5,31,17,14.5,13.5,13,18,4.19,39.8,0,1
W8-089111,MEL 078-1bA,D2,>,130,134,143,160,78,47.5,28.5,15,12.5,12,12.5,40.5,4.10,43.2,2,2
W8-089112,MEL 078-1bA,A6,>,125,133,158,166,60,47,29.5,15,12,11,12,44,2.87,31.6,2,1
W8-090111,MEL 081-1a,G1,10,132,148,171,180,88,48,23,22,8.5,10,9,27.5,1.08,41.9,0,0
W8-090112,MEL 081-1a,C5,>,127,136,158,166,100,82,45,15,12,11,12.5,36.5,4.68,46.8,1,1
W8-091111,MEL 082-1a,C2,>,120,132,138,166,110,79,36.5,16,12,12,13,31.5,6.14,57.3,1,1
W8-091112,MEL 082-1a,F5,>,127,138,147,171,108,87.5,36,15,12,12,12.5,30,6.62,53.4,2,2
W8-092111,MEL 083-1,F3,<,125,133,150,178,82,63,29,16,10.5,10,11,31,5.58,45.9,1,0
W8-092112,MEL 083-1,B7,>,120,129,136,158,82,52,25,17,10.5,10.5,11,35.5,4.90,47.5,2,2
W8-093111,MEL 084-1,A4,<,125,133,140,175,60,43,26,15,9.5,8.5,8.5,35.5,3.70,35.5,2,2
W8-093112,MEL 084-1,E7,>,123,129,136,166,70,44,25,17,10,9.5,9,33.5,4.17,39.4,0,1
W8-094111,MEL 085-1b,F3,<,127,138,147,160,59,55,28,22,12.5,11,11,39.5,4.14,26.4,2,3
W8-094112,MEL 085-1b,B7,>,127,136,145,166,74,55,30,26,11.5,11,10,35.5,3.71,37.3,2,2
W8-095111,MEL 086-1,G1,5,139,153,194,196,6*** contaminant,31,19,11,5.5,7,0,20,0.39,0.3,0,0
W8-095112,MEL 086-1,D5,<,141,152,166,,42,26,15.5,19,9,10,9.5,24.5,2.92,22.7,3,2
W8-096111,MEL 087-1a,A4,<,120,136,152,171,60,56,26,13,10.5,10.5,11,31,4.31,35.1,3,3
W8-096112,MEL 087-1a,D7,>,113,122,131,166,82,47,25,16,11,11.5,12,34,3.74,48.5,4,3
W8-097111,MEL 088-1,E3,<,134,111,126,150,48,48,28,13,9.5,9.5,10,24.5,4.12,31.7,0,0
W8-097112,MEL 088-1,B7,<,109,129,138,150,48,45,28.5,11,8,9,10,25.5,3.54,33.0,0,0
W8-098111,MEL 089-1a,A1,10,125,132,158,158,108,82,47,18,14.5,14,13,44.5,5.81,55.1,1,1
W8-098112,MEL 089-1a,D4,>,130,126,138,160,124,75,46.5,18,14.5,14.5,15,42.5,5.53,65.4,2,2
W8-099111,MEL 090-1a,B1,15,123,132,,171,88,45,29.5,21,13.5,14,13,45,3.89,45.2,1,2
W8-099112,MEL 090-1a,E4,>,132,140,154,189,90,42,23,17,12.5,12.5,12,34,4.95,40.8,0,0
W8-100111,MEL 091-1a,G2,<,125,132,138,180,30,32.5,25,14,7.5,8.5,8,20.5,1.92,14.9,3,3
W8-100112,MEL 091-1a,C6,<,120,126,131,175,36,29.5,13.5,15,8,8,8.5,22,2.10,21.6,4,4
W8-101111,MEL 092-1,E1,17,125,134,158,171,81,39.5,26,18,11,10,11,45,4.03,44.6,1,1
W8-101112,MEL 092-1,B5,>,125,136,171,175,60,32.5,21.5,17,11,11,11,38.5,3.90,32.0,1,1
W8-102111,MEL 093-1,B2,<,125,139,,175,88,46.5,27,13,11.5,12,11.5,44,6.33,39.0,1,1
W8-102112,MEL 093-1,F5,<,134,147,,193,84,49,24,12,11,11,11.5,30.5,5.95,33.8,0,0
W8-103111,MEL 094-1c,F1,11,146,159,166,199,59,57.5,26,19,11.5,11.5,11.5,17,3.46,31.9,0,0
W8-103112,MEL 094-1c,B5,>,141,154,160,203,63,51.5,26,21,11,11,10.5,18.5,3.41,35.9,0,0
W8-104111,MEL 095-1,F3,>,137,150,158,194,66,44.5,23.5,18,11.5,11.5,11.5,22.5,3.12,29.8,1,2
W8-104112,MEL 095-1,B7,>,134,147,154,189,70,44.5,24.5,21,12.5,12.5,11,24,2.94,33.9,1,1
W8-105111,MEL 096-1a,E2,>,120,125,138,158,108,52.5,27,19,6.5,10,9,41,2.42,58.0,2,1
W8-105112,MEL 096-1a,B6,<,113,119,129,160,98,62.5,31,18,10,10,10.5,38,3.99,46.6,3,2
W8-106111,MEL 097-1,E2,<,109,118,126,158,70,54.5,28,11,10,11.5,12,34,4.88,42.6,1,2
W8-106112,MEL 097-1,A6,<,109,117,127,166,58,57,25.5,11,9.5,12,10.5,28,4.77,37.1,1,1
W8-107111,MEL 098-1,C4,<,120,129,,,102,56.5,33.5,16,12,12.5,12.5,46.5,5.05,49.6,1,1
W8-107112,MEL 098-1,G7,<,123,131,,171?,98,60,33.5,19,12,11.5,12.5,49,4.72,45.3,1,1
W8-108111,MEL 099-2,F1,10,127,139,147,166,88,57,33.5,19,10.5,10.5,9,42.5,3.90,47.2,1,1
W8-108112,MEL 099-2,B5,>,125,133,143,166,94,63,33.5,20,10,10.5,9.5,36.5,4.27,50.4,3,2
W8-109111,MEL 100-1a,B2,>,120,127,143,166,86,61,34,19,11.5,11,11,38,4.10,47.8,3,3
W8-109112,MEL 100-1a,E5,<,125,129,140,160,88,61.5,35.5,18,12,11.5,11,39,4.37,46.0,4,4
W8-110111,MEL 101-1,D2,>,130,144,150,175,120,57.5,26.5,19,10,10.5,9.5,32.5,3.74,45.4,1,1
W8-110112,MEL 101-1,A6,>,130,138,147,171,98,60,29,20,11,10,10.5,37.5,3.99,49.6,1,1
W8-111111,MEL 102-1,C2,<,104,113,154,150,84,54,33,17,10.5,11,11.5,29.5,4.13,50.3,1,1
W8-111112,MEL 102-1,F5,<,104,129,140,150,58,55.5,36,12,11,12,12,36,3.62,32.7,0,0
W8-112111,MEL 103-1,D4,<,132,143,158,175,66,42,24,17,13,13,13.5,37.5,3.17,32.1,2,1
W8-112112,MEL 103-1,G7,<,127,140,150,175,72,46.5,24.5,20,13,12.5,12.5,35,3.37,39.4,0,0
W8-113111,MEL 104-1,D1,12,123,130,140,166,70,43.5,27.5,22,12,11,11,30.5,3.88,38.2,0,1
W8-113112,MEL 104-1,A5,<,120,126,136,171,40,31.5,23,17,11,11,11.5,30.5,2.34,19.8,0,1
W8-114111,MEL 104-2,C3,>,106,118,126,150,94,10,34.5,30,8.5,11,9,27,2.72,51.8,1,1
W8-114112,MEL 104-2,G6,<,111,122,133,150,90,57,34,24,9.5,10,10,30,2.63,41.8,2,0
W8-115111,MEL 105-1,F3,<,134,147,158,166,88,49,28.5,19,11.5,11.5,11,44.5,3.28,42.0,1,0
W8-115112,MEL 105-1,C7,>,130,138,152,160,88,50,28,20,12,12,12,39.5,4.24,40.3,2,1
W8-116111,MEL 106a-1,C4,>,123,131,140,166,88,70,36,15,11,10,11,36,5.30,43.8,2,1
W8-116112,MEL 106a-1,F7,>,125,136,145,171,88,67.5,36,17,10.5,10,10,37.5,4.26,44.6,1,0
W8-117111,MEL 107-1a,D3,>,125,134,140,171,86,58,23.5,27,10,9.5,10,22.5,3.93,52.6,1,1
W8-117112,MEL 107-1a,G6,>,130,140,150,185,71,48,27.5,23,10.5,10,10,31.5,3.36,40.7,1,1
W8-118111,MEL 108-1,F3,>,130,140,150,196,56,44.5,25,20,10,9,9.5,33.5,3.31,29.2,0,0
W8-118112,MEL 108-1,C7,<,127,138,152,193,66,40,26.5,22,9,9.5,10,36.5,2.80,36.8,0,0
W8-119111,MEL 109-1,E2,<,120,127,136,171,78,55.5,28.5,25,10,10.5,9.5,28.5,3.72,43.7,1,1
W8-119112,MEL 109-1,A6,<,116,122,131,171,54,45,26.5,18,9.5,9,9.5,29,2.47,29.6,0,0
W8-120111,MEL 110-1a,E3,>,130,144,158,182,68,48,31,24,10.5,10.5,10,35.5,2.73,34.6,1,1
W8-120112,MEL 110-1a,B7,>,127,140,152,178,76,46.5,31,23,10.5,10,11,34,2.99,40.1,1,1
W8-121111,MEL 111-1,G2,>,137,148,,193,16,59,25,5,10,9.5,10,13.5,1.26,2.3,2,1
W8-121112,MEL 111-1,C6,>,127,136,152,178,60,58.5,27.5,14,12,11,11.5,23.5,5.25,28.6,2,2
W8-122111,MEL 112-1a,G1,11,127,139,154,180,78,52,35.5,16,13,13,13,46.5,3.64,38.5,1,1
W8-122112,MEL 112-1a,C5,>,127,133,,166,30,46,26,8,12.5,12,10.5,23,3.38,13.7,1,1
W8-123111,MEL 113-1a,G2,<,130,141,150,160,74,50,29.5,16,9.5,9,9,42,3.29,28.5,2,2
W8-123112,MEL 113-1a,C6,>,127,133,143,160,58,47,32,17,10,10,9.5,36.5,3.35,31.5,2,3
W8-124111,MEL 114-1,E1,15,123,134,143,178,78,46,27.5,13,10.5,11,11,37.5,3.98,43.0,0,0
W8-124112,MEL 114-1,B5,>,123,133,145,175,78,59,34,12,10,9.5,10,38,4.45,39.8,2,2
W8-125111,MEL 115-1,D1,11,130,139,150,171,100,68.5,39,18,11.5,11.5,11,35,5.13,47.5,0,1
W8-125112,MEL 115-1,G4,<,137,147,158,194,92,77.5,37,14,10,11,10,30,4.68,36.0,1,1
W8-126111,MEL 116-2,A3,>,120,130,136,160,66,59,28.5,13,10.5,10,10,38,3.22,34.6,3,4
W8-126112,MEL 116-2,D6,>,125,129,143,150,60,56,28,11,7,10.5,9.5,35.5,1.90,29.5,4,4
W8-127111,MEL 117-2,B3,<,116,120,129,160,70,58,29,20,10.5,12,11.5,29,3.92,40.0,1,1
W8-127112,MEL 117-2,F6,<,120,126,136,166,61,64.5,30.5,17,10.5,12.5,11.5,31.5,4.38,32.5,1,2
W8-128111,MEL 118-1a,F2,>,139,153,160,175,66,64.5,32.5,18,12.5,12,12,29.5,3.04,25.9,3,3
W8-128112,MEL 118-1a,C6,>,134,145,158,171,88,57,33,22,12,11,12,32.5,3.09,39.0,1,3
W8-129111,MEL 119-1,B4,>,123,129,133,175,56,39.5,21.5,18,9,9,8.5,24.5,3.22,33.6,1,2
W8-129112,MEL 119-1,F7,<,123,133,140,178,46,35,21.5,15,8.5,8.5,9,28.5,3.00,26.3,2,1
W8-130111,MEL 120-3,B4,>,125,133,140,171,47,42.5,25,15,9,8.5,8.5,32.5,3.26,25.7,1,1
W8-130112,MEL 120-3,E7,>,127,136,143,175,68,48,25.5,18,9.5,9,9,30,4.10,39.1,2,2
W8-131111,MEL 121-1a,B3,>,130,141,150,178,68,61.5,30,18,11.5,12,11.5,27.5,3.88,36.3,2,1
W8-131112,MEL 121-1a,F6,<,132,143,154,178,88,64,30,16,12.5,13,13,28.5,4.31,37.4,1,1
W8-132111,MEL 122-1a,F3,<,134,145,147,185,78,57,24.5,19,9.5,9.5,9.5,23.5,3.62,30.3,1,1
W8-132112,MEL 122-1a,B7,>,130,136,143,166,76,49.5,25.5,22,11,10.5,11,31.5,3.93,41.8,1,1
W8-133111,MEL 123-1,B2,<,125,132,138,180,64,49,20,15,9.5,9.5,10,25.5,4.64,38.7,1,2
W8-133112,MEL 123-1,E5,<,109,119,129,150,92,62.5,33.5,15,9,11.5,12,32.5,4.52,53.1,1,1
W8-134111,MEL 124-2,C1,8,116,120,132,166,101,66.5,34,18,11.5,10.5,10,39,5.73,55.3,1,1
W8-134112,MEL 124-2,G4,>,123,133,143,175,109,72.5,34,19,11,10.5,11,39.5,4.88,54.0,1,2
W8-135111,MEL 125-1b,A1,20,139,151,166,199,57,28,20.5,22,13,12.5,11.5,27.5,2.38,29.1,0,0
W8-135112,MEL 125-1b,D4,>,139,147,160,201,60,25.5,18.5,22,14,12.5,13.5,29,3.11,29.0,0,0
W8-136111,MEL 126-1,B1,14,134,144,152,189,67,45,24,22,13.5,12.5,13,25,4.19,33.5,1,1
W8-136112,MEL 126-1,E4,>,137,147,,185,47,27,17,24,13,11.5,11,30.5,3.39,20.2,2,1
W8-137111,MEL 127-1a,B3,>,116,125,129,,88,57,26.5,20,9.5,9,9.5,33,4.00,55.2,1,1
W8-137112,MEL 127-1a,F6,<,120,126,133,166,74,60,26,21,9.5,10,10,33.5,3.82,43.7,1,0
W8-138111,MEL 128-1,A3,>,123,130,133,171,70,57.5,23.5,13,10,10,10,28.5,4.66,42.5,1,1
W8-138112,MEL 128-1,D6,<,123,131,140,171,84,49,23,17,10,10,10,34,4.72,50.4,2,2
W8-139111,MEL 129-1,A4,<,109,117,136,152,78,45.5,25.5,22,8.5,11,10.5,32.5,2.66,45.3,2,2
W8-139112,MEL 129-1,E7,>,109,117,131,166,78,54,30,22,10.5,11,11,31,3.53,44.9,1,2
W8-140111,MEL 130-1,C3,<,116,123,140,166,64,63.5,24.5,14,9.5,10.5,11,27,4.14,38.6,1,1
W8-140112,MEL 130-1,G6,<,120,124,133,178,50,64,25.5,8,9.5,9.5,9,27.5,3.45,24.3,2,2
W8-141111,MEL 131-1a,B2,>,130,139,150,178,90,54.5,29,21,11,10.5,11,31,3.76,41.3,1,1
W8-141112,MEL 131-1a,E5,>,130,138,147,175,94,57.5,29,23,11,11,10,29,3.83,43.7,1,1
W8-142111,MEL 132-1,F1,10,123,130,158,171,100,44,28,14,9.5,10,9.5,37,3.86,46.9,0,0
W8-142112,MEL 132-1,C5,<,120,126,,171,87,43,27.5,16,9.5,9.5,10,35.5,3.50,49.1,1,1
W8-143111,MEL 133-1,B4,>,123,131,138,160,56,42,29.5,15,10.5,10.5,11,40,3.56,27.6,2,3
W8-143112,MEL 133-1,F7,<,127,140,152,171,60,41.5,28.5,14,10.5,11,10,38.5,3.58,30.1,3,2
W8-144111,MEL 134a-1,G1,10,125,134,147,171,75,49.5,27.5,16,11.5,11.5,11,40,4.40,43.5,1,1
W8-144112,MEL 134a-1,C5,<,123,131,158,171,84,51.5,26.5,21,12,10.5,11.5,35.5,5.15,46.2,2,2
W8-145111,MEL 135-1a,F1,15,127,139,152,166,55,25,17.5,25,10.5,10.5,11,35.5,2.38,30.2,0,1
W8-145112,MEL 135-1a,C5,>,127,138,150,175,57,31.5,19,23,10.5,10.5,10.5,29,3.88,31.1,0,1
W8-146111,MEL 136-1a,E1,6,134,146,158,178,82,50,29.5,17,13,12,12.5,38.5,4.23,35.2,1,1
W8-146112,MEL 136-1a,A5,<,132,143,154,180,78,51.5,28.5,17,12,12,12,34.5,4.38,34.8,3,2
W8-147111,MEL 137a-1,B2,>,125,134,,171,96,53.5,33.5,22,13,12.5,12.5,41,4.02,50.9,2,2
W8-147112,MEL 137a-1,E5,>,132,143,,193,108,57,33.5,24,12.5,13,12,31.5,3.68,47.3,1,1
W8-148111,MEL 138-1,F1,13,137,148,160,193,76,44.5,29,19,11,10.5,10,31.5,3.11,28.2,1,1
W8-148112,MEL 138-1,C5,>,130,138,,182,70,46.5,27.5,20,11,11.5,11.5,27,3.72,31.2,0,1
W8-149111,MEL 139-1,G2,<,137,151,158,193,63,50.5,25,22,9,10.5,9.5,?,3.08,31.5,2,1
W8-149112,MEL 139-1,C6,<,130,140,,185,81,45.5,24.5,22,9.5,10,11,24,1.22,17.2,1,1
W8-150111,MEL 140-1b,C1,15,?,?,129,150,90,54,29,16,12,11.5,12,43,4.30,50.2,1,1
W8-150112,MEL 140-1b,G4,<,125,133,140,150,74,65,31.5,14,11,11,10.5,41.5,4.01,38.8,2,2
W8-151111,MEL 141-1,B2,>,116,123,129,154,68,67,37,12,10.5,10,9.5,40.5,4.41,34.6,3,3
W8-151112,MEL 141-1,E5,>,127,143,150,160,78,70.5,41,14,9.5,9.5,9.5,33,2.50,27.2,4,4
W8-152111,MEL 142-2,B4,<,123,136,143,158,68,68,39.5,19,9.5,9.5,9.5,32,2.63,30.2,4,4
W8-152112,MEL 142-2,E7,>,127,138,150,158,74,66,41.5,16,10,9.5,10,35,2.60,30.6,4,4
W8-153111,MEL 143-1,E2,>,125,137,147,160,60,41,28,17,12.5,12,12.5,39.5,2.83,31.3,2,2
W8-153112,MEL 143-1,B6,>,127,136,150,158,56,40.5,30,17,12,12,12,42,2.82,26.5,2,2
W8-154111,MEL 144-1a,D2,>,123,132,143,171,64,51.5,29,16,11,10,10,36.5,3.78,35.4,3,2
W8-154112,MEL 144-1a,G5,>,130,140,154,175,68,59.5,30.5,19,10,10,10.5,32.5,3.82,35.2,2,2
W8-155111,MEL 145-1,A1,10,125,132,143,166,62,48,19.5,15,9.5,10,9.5,24,3.57,36.7,1,1
W8-155112,MEL 145-1,D4,>,125,133,143,171,68,43,19.5,16,9.5,10,10,23.5,3.19,39.5,2,1
W8-156111,MEL 146-1a,B2,<,134,148,154,189,66,50.5,27,17,11,10.5,11.5,25.5,2.63,31.8,1,1
W8-156112,MEL 146-1a,F5,>,139,150,158,196,74,56.5,28,22,11.5,11,11.5,25.5,2.23,34.1,1,1
W8-157111,MEL 147-1,A4,>,134,147,158,178,75,72,36.5,12,11,11,10.5,31,4.05,32.9,0,0
W8-157112,MEL 147-1,E7,>,130,140,147,160,112,73,37,18,11.5,11,10,33.5,4.32,46.7,2,2
W8-158111,MEL 148-1a,G3,>,130,143,150,166,64,49.5,25,16,10,9,10,37,4.00,34.4,2,2
W8-158112,MEL 148-1a,D7,>,125,142,143,166,81,46,25,19,10.5,10,10,31.5,3.99,47.0,3,2
W8-159111,MEL 149-1,B4,<,127,136,143,154,70,60.5,30.5,16,12,12,12,37.5,4.09,34.6,3,3
W8-159112,MEL 149-1,F7,<,130,143,152,158,80,62.5,33,13,12,12,12,39,4.61,31.4,2,2
W8-160111,MEL 150-3,F1,12,127,137,150,175,72,51.5,25.5,17,14.5,14,14,30.5,4.31,39.6,1,1
W8-160112,MEL 150-3,B5,>,127,136,,171,68,45.5,25.5,16,14,13,14,34.5,4.01,36.4,2,2
W8-161111,MEL 151-1,F3,<,132,143,145,182,92,59.5,27.5,17,11.5,10,11.5,30,4.19,38.5,1,1
W8-161112,MEL 151-1,C7,>,127,136,145,166,78,54,28,17,11.5,11.5,10.5,32,4.61,39.3,2,1
W8-162111,MEL 152-1a,C2,<,123,130,136,152,80,61.5,28.5,14,11,10.5,11,29,5.25,44.6,1,2
W8-162112,MEL 152-1a,G5,<,127,136,147,166,70,65,32,12,11,10.5,9.5,36,4.81,33.4,1,1
W8-163111,MEL 153-1,E2,>,132,144,152,180,82,54.5,28.5,18,12,12,11.5,30,4.25,43.7,2,2
W8-163112,MEL 153-1,A6,<,134,143,158,180,70,49,28.5,17,12,12,12,35,3.76,35.4,2,2
W8-164111,MEL 154-1a,C2,<,132,144,150,166,37,29.5,22.5,17,10.5,10.5,11,30,2.52,21.4,2,2
W8-164112,MEL 154-1a,F5,>,137,147,154,175,36,32.5,21.5,21,10.5,11,10,31,2.22,19.0,2,3
W8-165111,MEL 155-1a,F1,18,134,148,152,175,62,52,30,17,9.5,10,10,31.5,3.23,32.4,1,1
W8-165112,MEL 155-1a,B5,>,132,143,150,175,68,51,26.5,22,10,10,9.5,28,3.35,32.6,2,2
W8-166111,MEL 156-1,F2,<,137,148,158,175,52,55,28.5,10,11.5,11,11.5,29.5,4.50,26.5,0,1
W8-166112,MEL 156-1,C6,<,130,136,150,166,70,53,29,17,12,11,11.5,26,4.29,36.1,1,1
W8-167111,MEL 157-1,B3,>,123,130,140,158,80,53,32,20,10,10.5,10,42,4.18,41.3,2,1
W8-167112,MEL 157-1,E6,<,123,131,143,158,92,54.5,32,14,10.5,10,10,42.5,4.99,45.3,1,2
W8-168111,MEL 158-1,C1,11,123,132,150,150,86,69,36.5,15,10.5,10.5,11,34.5,5.20,45.6,1,2
W8-168112,MEL 158-1,F4,<,125,136,145,152,84,65.5,38,15,11,10.5,10,40,4.69,41.4,1,1
W8-169111,MEL 159-1,B1,8,123,132,138,150,66,61.5,28.5,10,11.5,11.5,12,32,5.80,35.5,3,3
W8-169112,MEL 159-1,E4,<,123,133,143,160,66,57.5,31,14,10.5,11,10.5,37,4.15,36.0,3,3
W8-170111,MEL 160-1,B1,16,125,132,,166,68,49.5,24.5,15,12.5,11.5,12,32.5,4.78,38.1,2,2
W8-170112,MEL 160-1,E4,<,130,140,145,160,76,51,27.5,15,11.5,11,11,39.5,4.86,34.9,2,2
W8-171111,MEL 161-1,F2,>,113,123,126,166,70,57,29,13,9.5,10,9.5,33.5,4.74,43.2,1,1
W8-171112,MEL 161-1,C6,>,111,119,129,147,78,50,27.5,17,10,10,9.5,35.5,4.60,48.9,3,2
W8-172111,MEL 162-1,D4,<,132,143,,182,57,44.5,23.5,14,10.5,10.5,10.5,26.5,4.57,29.8,3,2
W8-172112,MEL 162-1,G7,<,139,152,171,201,61,43,24,14,10,11,11,30,3.68,25.9,0,0
W8-173111,MEL 163-2,E1,11,141,148,,196,46,32,21,19,15,10,14.5,25.5,2.34,18.1,0,1
W8-173112,MEL 163-2,A5,>,137,147,,193,48,29,20,24,11.5,12,12,25,2.44,21.7,3,2
W8-174111,MEL 164-1,G2,>,137,148,,196,78,59,24,14,10.5,11.5,11.5,28,5.16,35.4,1,1
W8-174112,MEL 164-1,D6,>,130,140,,175,95,57,32.5,16,11.5,11.5,11.5,38.5,5.58,41.2,1,2
W8-175111,MEL 165-1,C4,>,123,126,143,166,92,66.5,29.5,14,10.5,11.5,11,30.5,4.88,46.3,2,2
W8-175112,MEL 165-1,F7,>,125,133,,175,120,71,30,16,11,11,11.5,30,4.63,49.2,2,1
W8-176111,MEL 166-1a,A2,>,123,132,138,158,70,45.5,30.5,23,10.5,11,11,42,2.79,37.9,1,1
W8-176112,MEL 166-1a,E5,>,130,138,147,166,76,45.5,30,17,11,11,11.5,42.5,3.72,41.9,1,1
W8-177111,MEL 167-2,G2,<,125,139,150,175,74,51.5,30,16,12,12.5,12,42,3.66,40.1,1,2
W8-177112,MEL 167-2,D6,>,123,131,138,160,100,66,34.5,17,13,13,12,34.5,4.90,51.2,2,3
W8-178111,MEL 168-1a,G3,<,130,140,150,185,49,49.5,27,13,13,12,12,34,3.20,24.3,4,3
W8-178112,MEL 168-1a,C7,>,127,136,143,171,68,46.5,25,16,13,12,12,32,4.27,37.2,3,2
W8-179111,MEL 169-1c,D1,11,130,146,152,178,110,92.5,42.5,18,12.5,13,11,30.5,5.09,44.4,1,1
W8-179112,MEL 169-1c,G4,<,139,152,160,189,102,83.5,40,17,12.5,12.5,10.5,37.5,4.74,43.9,1,0
W8-180111,MEL 170-1b,C1,10,120,132,143,150,53,57,33,15,10.5,10.5,10,34,3.03,26.1,4,4
W8-180112,MEL 170-1b,G4,<,123,136,145,150,41,59.5,32.5,10,10.5,10,10,35,1.91,16.1,3,4
W8-181111,MEL 171-1a,C2,>,123,132,140,158,68,48.5,27,14,9.5,10,10,39,4.95,40.0,2,2
W8-181112,MEL 171-1a,F5,>,130,140,147,175,64,61,25.5,17,10,10.5,10,24.5,4.28,33.4,2,1
W8-182111,MEL 172-1,F2,<,125,134,143,175,50,56,26.5,10,10.5,10,10.5,27.5,4.24,24.7,1,0
W8-182112,MEL 172-1,C6,>,123,129,136,158,56,48.5,26.5,14,10,10,10,30.5,3.51,32.1,3,0
W8-183111,MEL 173-2,B2,>,120,130,136,158,92,61,33,24,11,10.5,10.5,38.5,3.99,46.9,3,3
W8-183112,MEL 173-2,F5,>,127,140,150,152,78,64.5,31.5,16,11,10,10,45.5,4.09,40.7,1,3
W8-184111,MEL 174-1,A3,>,125,132,140,160,69,68.5,36.5,14,12,12,11.5,38,3.99,34.9,2,2
W8-184112,MEL 174-1,E6,>,128,133,140,124,85,70,38.5,15,13,12.5,11,42,4.91,41.9,3,4
W8-185111,MEL 175-1,D3,<,132,144,150,175,37,28,17.5,19,10,10,10,27,2.20,17.5,3,2
W8-185112,MEL 175-1,A7,>,130,143,152,175,41,31.5,19,20,10,10.5,10,30.5,2.56,20.8,2,2
W8-186111,MEL 176-1,F2,<,123,132,136,158,66,45.5,26.5,14,11.5,11,10.5,35.5,4.27,32.4,1,1
W8-186112,MEL 176-1,B6,<,123,131,136,166,72,51,28,15,11,11,10.5,30.5,4.67,37.6,1,2
W8-187111,MEL 177a-1,B4,<,116,126,133,171,70,43,26,16,10.5,10,9.5,34,3.94,40.7,2,2
W8-187112,MEL 177a-1,E7,<,123,129,136,171,58,45,27,13,9,10,10,31,4.25,33.2,0,1
W8-188111,MEL 178-1a,A1,14,130,141,158,171,74,40,24,23,11.5,11,11,42,2.58,35.6,0,0
W8-188112,MEL 178-1a,E4,>,127,140,154,166,78,42,24,24,11,10,10,37.5,2.81,39.1,0,1
W8-189111,MEL 179-2,F3,>,137,147,158,175,49,47.5,22.5,17,11.5,11,11,23.5,2.75,25.3,3,2
W8-189112,MEL 179-2,B7,>,127,136,145,158,56,50.5,25,20,11,10.5,10.5,28,3.22,30.4,2,2
W8-190111,MEL 180-1,G2,<,125,139,158,175,44,45.5,26.5,17,8,8.5,8.5,30,1.88,22.6,2,2
W8-190112,MEL 180-1,D6,>,123,133,154,180,58,52,27,19,9,9,9,25,3.26,31.5,2,2
W8-191111,MEL 181-1,A3,>,125,137,158,166,90,72,40.5,16,10,10.5,10,43,4.03,47.3,2,2
W8-191112,MEL 181-1,D6,>,123,131,,166,102,68.5,39.5,19,11,11,9.5,40,4.12,52.1,1,1
W8-192111,MEL 182-1a,G3,>,130,143,154,160,64,50.5,28.5,21,9.5,10,10,41,2.52,31.0,1,2
W8-192112,MEL 182-1a,C7,>,127,134,143,150,62,59.5,29.5,18,11,10,10.5,33,3.13,25.7,2,1
W8-193111,MEL 183-1,C4,<,130,143,158,185,74,50.5,22.5,14,11,11,11.5,28,5.02,38.9,1,1
W8-193112,MEL 183-1,F7,<,132,143,152,182,64,43.5,21,16,11.5,11.5,12,35,4.23,35.5,1,1
W8-194111,MEL 184-1a,D1,7,125,134,143,160,78,47.5,26.5,12,11.5,12,12.5,45,5.35,41.7,0,1
W8-194112,MEL 184-1a,G4,<,123,136,150,175,84,53.5,26.5,11,11,12,12.5,42.5,4.74,35.9,1,0
W8-195111,MEL 185-1,D1,13,130,144,150,171,90,67,26.5,21,10,9.5,9.5,23,4.06,45.0,0,0
W8-195112,MEL 185-1,A5,<,132,147,154,178,70,54,27.5,16,9,8.5,8.5,29.5,3.09,32.8,1,1
W8-196111,MEL 186-1b,E3,>,130,141,150,175,76,48.5,28.5,17,11.5,12,12,37.5,3.34,37.4,1,0
W8-196112,MEL 186-1b,A7,>,130,138,147,182,86,53,30,16,11.5,12,11.5,31.5,4.45,40.9,1,0
W8-197111,MEL 187-1b,F2,>,130,139,166,182,60,47.5,26,15,11,11,11,31,3.86,32.9,1,1
W8-197112,MEL 187-1b,B6,>,127,136,,178,66,37.5,26.5,16,10.5,11.5,11.5,31,3.61,37.8,1,0
W8-198111,MEL 188-2,B3,>,132,141,150,185,68,44.5,24,18,12,11,11,30.5,3.70,34.5,1,1
W8-198112,MEL 188-2,E6,>,132,138,152,182,64,40,24,16,13,11,12,28,4.04,34.5,1,0
W8-199111,MEL 189-1,A2,<,125,134,147,171,57,44.5,25.5,14,9,10,9.5,33.5,4.16,31.9,1,1
W8-199112,MEL 189-1,D5,>,125,133,145,175,70,40.5,23,17,10,9.5,9.5,33.5,4.25,37.5,1,1
W8-200111,MEL 190-2,G3,<,134,150,150,196,65,50.5,26.5,16,11,12,10.5,23.5,3.02,24.0,1,0
W8-200112,MEL 190-2,D7,>,132,140,,180,48,43.5,23.5,14,11.5,11.5,11.5,24.5,3.12,24.1,1,1
W8-201111,MEL 191-1,E3,>,137,145,154,194,85,58.5,23,15,11.5,11.5,11,18,4.60,38.1,0,0
W8-201112,MEL 191-1,B7,>,137,147,158,196,86,51,25,17,12,11,11,24,4.51,40.0,0,0
W8-202111,MEL 192-1,D4,>,109,117,126,160,68,55,28.5,13,9.5,8.5,8.5,25,2.79,42.1,1,1
W8-202112,MEL 192-1,G7,<,109,117,129,158,54,48,29.5,10,8,9.5,9.5,32,2.49,35.4,1,1
W8-203111,MEL 193-1,B3,>,127,137,143,175,90,56,25.5,21,10,10.5,10.5,27,3.84,41.1,1,2
W8-203112,MEL 193-1,F6,<,127,138,147,166,90,56.5,27,18,10.5,10,10.5,31,3.90,32.4,1,1
W8-204111,MEL 194a-1,C3,>,125,137,143,150,106,67,45,20,10,10.5,10,49.5,3.52,51.8,2,1
W8-204112,MEL 194a-1,F6,>,132,143,152,175,108,76.5,40,17,10,11,10.5,34.5,3.94,39.2,1,1
W8-205111,MEL 195-1a,G1,11,139,151,160,193,112,80.5,41,17,15.5,14,14.5,30.5,4.92,52.0,1,1
W8-205112,MEL 195-1a,D5,>,132,145,152,180,112,70.5,35.5,14,15.5,14.5,14,31.5,5.93,49.2,1,0
W8-206111,MEL 196-1A,E1,12,130,141,152,175,84,53.5,19.5,17,12,12.5,12.5,30.5,4.95,46.3,0,0
W8-206112,MEL 196-1A,B5,>,132,143,154,189,66,53,28,13,12,11,11.5,26,4.54,33.2,0,0
W8-207111,MEL 197-2,D3,>,120,130,136,150,88,47,32.5,15,12.5,12.5,12,41.5,4.51,47.1,0,0
W8-207112,MEL 197-2,G6,<,120,131,140,166,100,48.5,32.5,15,13,13,13,40.5,4.20,46.4,1,1
W8-208111,MEL 198-1,F1,16,123,127,136,153,77,57,27,23,9.5,9,9,34.5,3.42,43.6,2,3
W8-208112,MEL 198-1,C5,>,120,126,131,150,53,54.5,25.5,18,10,10,9.5,30.5,3.08,26.1,4,4
W8-209111,MEL 199-1,F1,10,125,134,150,166,90,59,31,16,12,10.5,11.5,39,5.28,50.4,1,1
W8-209112,MEL 199-1,B5,>,127,138,,175,98,57,33.5,18,13,11.5,12,33,4.77,44.4,2,2
W8-210111,MEL 200-1b,A2,<,130,139,147,175,68,67.5,32,15,12.5,12.5,12,32.5,4.27,36.3,1,2
W8-210112,MEL 200-1b,E5,>,132,143,150,182,80,72,31.5,18,12,12.5,11,27,4.05,38.6,2,2
W8-211111,MEL 201-1,C1,14,130,144,,178,124,66,35,15,15,14.5,15,69.5,5.26,53.5,0,1
W8-211112,MEL 201-1,F4,>,139,150,,199,106,71,34.5,16,14,14,14.5,24.5,5.05,45.3,0,0
W8-212111,MEL 202-2,C2,<,130,141,147,182,64,64.5,32,12,9.5,9.5,9.5,25,4.09,28.8,3,3
W8-212112,MEL 202-2,G5,>,132,143,152,175,88,60,32.5,19,9,9.5,9,29.5,2.56,33.2,2,2
W8-213111,MEL 203-1,B1,8,125,137,143,154,62,49,32.5,18,10.5,9,10,37,2.64,30.5,2,3
W8-213112,MEL 203-1,E4,>,127,136,145,160,70,50.5,32.5,18,10.5,10,10,38.5,2.95,30.9,3,3
W8-214111,MEL 204-1,G3,<,137,150,166,206,62,42,29.5,15,13,11.5,12,42,4.02,30.6,0,0
W8-214112,MEL 204-1,D7,>,125,134,140,160,88,62,37.5,16,12,12,11.5,40,4.90,48.1,3,4
W8-215111,MEL 205-1a,C3,>,120,127,133,158,78,47.5,24,18,10,10.5,10,33.5,3.97,47.5,2,1
W8-215112,MEL 205-1a,F6,>,123,129,138,166,86,43,25.5,21,10.5,10.5,10.5,34.5,3.97,53.4,0,1
W8-216111,MEL 206a-1a,A2,>,125,137,150,171,87,53,32.5,27,13.5,13,13,40,3.36,47.4,2,2
W8-216112,MEL 206a-1a,E5,>,?,129,143,175,107,63.5,33,25,13,11,13.5,36,3.36,45.4,3,3
W8-217111,MEL 207-1,C2,<,123,130,136,150,80,68.5,32,13,11,11,11,37,5.31,43.4,3,2
W8-217112,MEL 207-1,G5,<,127,138,150,175,78,74.5,28,12,11,11,10,33,5.38,40.4,2,2
W8-218111,MEL 208-1,E2,<,132,146,154,193,70,50,28.5,15,12,11.5,12,32.5,4.47,31.2,1,1
W8-218112,MEL 208-1,B6,>,130,136,147,182,64,47.5,29.5,19,10.5,12,11.5,27.5,3.30,31.1,1,1
W8-219111,MEL 209-1,C1,8,113,118,150,150,90,42,29,19,12,12,13,36.5,2.48,42.1,0,0
W8-219112,MEL 209-1,F4,<,120,124,131,160,74,47.5,29,15,12.5,13,12.5,41.5,3.36,30.9,1,1
W8-220111,MEL 210-1a,B4,>,116,117,129,160,54,44.5,28.5,20,8.5,10,9.5,28.5,2.40,35.9,2,0
W8-220112,MEL 210-1a,E7,>,116,122,129,166,65,43,27.5,23,8.5,9.5,9.5,30,2.69,43.2,2,2
