Block,Column,Row,Pos,Name,ID,Status,array01,array02,array03,array04,array05,array06,array07,array08,array09,array10,array11,array12,array13,array14,array15,array16,array01.1,array02.1,array03.1,array04.1,array05.1,array06.1,array07.1,array08.1,array09.1,array10.1,array11.1,array12.1,array13.1,array14.1,array15.1,array16.1,t_..5,t_.0,t_.10,t_.20,t_.25,t_.30,t_.35.37,t_ 40-45
7070,25,14,13,7070,G01_o232_plate_16,WheatUG-1_GS0067_B4,Gene,0.117714248979191,-0.0132660536721163,0.00845221003371399,-0.158152192725548,0.212884810629728,0.0336339216909258,1.11115014138398,-2.64274389357811,0.382934448176658,0.382135248546435,0.0734671664453929,0.214714652033175,1.81282405193949,-1.2250041461883,-1.03143775356954,-1.31503421717135,7.86603570967318,8.03904532364079,8.7009229712975,8.68372483114936,9.13788011536977,8.97432351101548,9.04198126410849,9.99098608639168,7.81189133328064,8.2049940958756,8.67156212938828,9.5701828635076,10.4948800434499,8.47543508941605,8.5511822175975,9.64814033507493,-0.841774835652641,-0.136213577429006,-0.311595223591089,0.1119872793795,0.562422979597526,-0.226254561855564,0.0820152403846357,-0.258450979356497
9238,48,12,10,9238,A04_a22_plate_12,WheatUG-1_GS0006_H7,Gene,-0.0215982857118541,1.21021487007452,NA,0.457007301205559,0.512711069751753,0.244031388410104,0.309520488228928,-3.20874226514482,1.01416563507642,1.92439622304876,0.503543035016186,1.19468213203857,0.285034337893121,-1.77666777309284,-1.74585075864247,-1.25073852301479,8.73571690880467,8.95786790826793,NA,10.4202393455175,11.343035526767,10.7143649522639,11.2274963945411,10.9439259507353,8.5687393665498,9.59621768468579,8.06800022806895,10.5171558319307,11.317259764372,9.43165057368718,10.0412383423307,10.8182473075972,-0.998210672218276,0.34179051219224,NA,NA,0.794787232974799,-0.1290955699787,0.000595812508782129,-0.966231490509391
8966,41,6,9,8966,B12_n129_plate_05,WheatUG-1_GS0052_B10,Gene,-0.803197401612376,0.894287149646884,0.882149743500677,-0.241311930832162,2.01946555617122,1.08120946536047,2.79239674854504,-4.36881079120752,0.635091181535957,0.952203634844681,1.42567372685093,0.972956186344172,3.63125425720176,-1.27787875918961,-2.54966328687503,-3.49592078109341,7.50316340225939,7.57998203113279,8.57555469403741,8.77389878026016,10.6319925727542,9.5872861381634,10.8848149631752,10.6497438249349,7.89340048735559,8.09797574651325,8.12146718725917,9.97085265711261,10.9970242319348,8.2871990106725,8.78927055346621,10.4465057555813,-1.45369894261839,-0.376592475998959,-0.0734525402737305,0.562221295137161,1.59040287934638,0.812117497298253,0.574224778343663,-0.360270141638532
7747,38,5,2,7747,B03_p537_plate_03,WheatUG-1_GS0086_B6,Gene,-0.453517650981866,0.361342249145723,0.797724127770382,-0.345857648707026,0.784378723108975,0.0250177804080673,0.986265091822096,-2.88219078111662,0.792592201609976,0.941020834283013,0.87644350368131,0.0865262274696093,0.911537646452469,-1.67864364318388,-2.02251335008362,-1.7920156049524,9.71271911847366,9.58139487363746,10.2316050125164,10.8385685203887,11.7383131926382,11.204588862428,11.5676716566461,11.9402866655533,9.66337704981733,10.2103139130277,10.5015247195489,11.165337093589,11.7639724531599,10.5048014827428,10.8387261995937,11.3079130948799,-1.0554399684181,-0.293416979409187,0.060873568911253,0.332746227035736,0.572769888784358,0.00179909100361759,-0.231176062595961,-0.694100911948615
3604,18,6,7,3604,F08_l226_plate_08,WheatUG-1_GS0050_E8,Gene,0.00707758908080969,0.415682078670414,-0.0716779451618922,-0.0027417260463435,0.44852881546597,0.0663766108243017,0.928642030199547,-1.52505688559005,0.0503191177567394,0.162818699388754,-0.1999239939202,-0.400602183600142,0.908991901665802,-0.190502046125179,-0.302587228091033,-0.483904762393908,7.15514408578022,7.37329879740019,7.72595835450981,7.72499970761967,8.69854831399783,7.90907442439335,8.2499519054461,8.76978843310049,7.36250408099244,7.98987010547006,8.90633547546538,8.69232932453811,9.65332598864297,8.33690989395246,8.40409075073162,9.39252196723393,-0.414540556219421,0.0707477847622363,-0.0849561557013963,-0.106175684262909,0.379399422618545,0.0311198465612233,0.0729573073331685,-0.0428319290296532
2525,13,5,1,2525,E09_p638_plate_02,WheatUG-1_GS0088_G4,Gene,0.127040798983181,-0.0734147443274522,0.0125855616584914,-0.00460650365192826,0.196971515614017,-0.161033469959723,1.69241359953651,-1.8515048394809,0.0384395168482402,0.212674452259586,-0.0221328650948409,-0.387529165801159,1.01781300755197,-0.102028895861384,-0.45442985482736,-0.891615042323603,6.15264159879305,5.78683049952747,6.8363585430255,7.48883622872197,8.06959332003573,7.31569624164566,7.96997062797826,9.26433944973625,7.60411153961879,7.91351936893783,8.32216666773732,8.29646416786357,9.50133424569715,7.79243781586636,7.76803142998416,8.5675905693062,-0.447013354877716,-0.0470323369780112,-0.243644272521851,-0.085277647736589,0.355713117943412,-0.0220559288254827,0.172355277237067,-0.00822331867900594
4796,19,8,14,4796,TA-PaO_clone_39,WheatUG-1_EXTRA_D15,Gene,-0.287482494792747,0.647047968917721,0.921120448339625,-0.3503279130686,0.498293786810558,0.198136072598904,1.15558466086328,-2.12520820595809,0.693652273359446,1.34558630924036,0.907850157604514,0.10105159899597,0.808829252675461,-1.24273503874681,-1.39171278894101,-1.13852304489292,6.61746455385183,6.76807920620184,7.55020742869708,7.95753624310278,9.03311921523177,8.22611287603387,8.5261235699162,8.75447482915295,7.21212823509474,7.11377588697196,7.17983579161903,7.97912907439614,9.0117715035812,7.57088523326649,8.25499260245944,8.83446955914352,-0.74044336653455,0.0783597486060829,0.334373882492234,0.34137410190661,0.575595358914446,0.0903862445667925,0.0157648858792878,-0.324829334328068
4835,22,5,14,4835,A01_e512_plate_02,WheatUG-1_GS0026_A4,Gene,0.470793546940833,-0.107327552244086,0.392263116954481,-0.444174202715526,1.26796544805833,0.209766933738545,2.09774465156679,-3.49733108394546,-0.038605877095809,0.193309088667826,-0.108351933671705,0.551129086396751,2.85033941232384,-1.41245338057131,-1.32826483218375,-2.2084913326221,5.94578121024504,6.60453281815192,7.01152376588084,7.02200102811775,8.5091960609193,7.63282317467653,8.95154067886125,8.96350252311899,6.67261967332787,6.73189691839743,6.78541870509277,7.92309661178594,9.0157256077722,6.15602050114577,6.69994018492701,8.51012650252786,-1.11939919866794,-0.192872437204794,-0.507976925395851,0.115153030884974,0.966859936583616,-0.0107682331115354,0.382593959879584,-0.189434588169233
6076,26,14,7,6076,E07_n130_plate_63,WheatUG-1_GS0061_F12,Gene,-0.202097923558568,0.06346116315636,-0.149357243555791,-0.521820365320292,0.68710460077097,-0.161621879976373,0.938731058403592,-2.01219953438962,0.241948627899416,0.117170936568511,0.182732774661136,-0.225403740143005,1.47836767942078,-0.569326089000848,-0.279058641369105,-1.05462155412917,7.26160251873787,7.71831859625213,8.49547559521613,7.91897138756863,9.37875021191441,8.37073773921571,8.68540812082952,9.44325533696288,7.72131870710341,8.00522691185576,8.18610464583884,8.90653469314121,9.62215081881796,8.17138818935158,8.02847596816003,10.0811535876034,-0.635418729762405,-0.0751311163007006,-0.239446214966866,-0.163658180279918,0.440205712859993,0.0347223516137211,0.0681616992287774,-0.162430587673603
9579,37,3,13,9579,B04_p840_plate_10,WheatUG-1_GS0096_D2,Gene,-0.0645440701207898,0.423530536168944,0.177958953521573,-0.585743086257511,0.870295060356539,-0.201039440186591,1.21913328135691,-1.88242994286436,0.487671615648587,0.309275068395608,0.410972626272383,0.434100074145786,1.17954054802877,-0.342735951472825,-0.615263383973397,-1.43835393786248,8.05414393041685,8.57433904142573,9.07261136293291,9.12046123196063,9.68242435016131,8.69941290084593,9.42173074192348,10.3333091818456,8.36905665591557,9.08733220354184,7.59145327366297,9.44899437961802,10.6959788739146,8.88996059928291,8.83293834452242,9.39006536353947,-0.450509587202347,0.0132495376175914,-0.106472955474896,0.128496889264609,0.44334189763085,0.184373073742376,0.209232632835676,-0.230527512835293
3113,19,5,4,3113,C02_n129_plate_19,WheatUG-1_GS0056_E1,Gene,-0.0236628656901335,0.128922169203958,0.432244186701368,-0.392313344823334,0.459781133856706,-0.0160701101855625,1.04138133923636,-1.76805511989114,0.442174079149709,0.391423172807529,0.12368001267705,0.168372665646851,0.938579766264396,-0.657661369207471,-0.373099700171898,-0.81311311122543,7.54226978245589,7.7601022520981,8.21408079931481,8.09767886063032,8.86839083911539,8.35164747330419,8.7138043459381,9.34374768816225,7.6615043791443,8.04558681933119,8.04166562903246,8.77599186686593,9.70708756400631,8.15739987986453,8.60122825282744,9.50969155037794,-0.501801318909758,0.0308956940373639,-0.0320666856607635,0.162619396668649,0.349367682026324,-0.0225675832148196,0.205146048631438,-0.150301781403953
5069,27,1,1,5069,G04_p840_plate_07,WheatUG-1_GS0095_H9,Gene,-0.174847744202379,-0.11363686102533,-0.14396165763359,0.40137562125591,0.326302536082078,0.144253900393512,0.813353558742615,-0.540563300960304,-0.0812876201501567,-0.0666645977160972,-0.0499281699966072,-0.0801787687417314,1.02349437230408,-0.0624652347627253,-0.0414929270010314,-0.736234921381133,7.36206627009615,7.4396938172932,7.89319946968862,7.8418213715009,8.83930573764062,8.0369033006665,8.39267251893121,9.4291014516831,8.7004133329566,8.73067644132758,9.26541315295347,8.8449951880501,10.162681911746,8.6948681562635,8.81102720855877,9.40191924465934,-0.214790975018891,-0.0991605324862093,-0.260940402509165,0.0239868936826079,0.421126982981492,0.0895407579290642,0.208983940848341,0.140012427176314
8027,46,5,3,8027,A02_e411_plate_02,WheatUG-1_GS0022_D10,Gene,0.302484103347026,0.0560959487157113,0.410960033316616,-0.283129144202102,0.946781080781423,0.336989903036352,2.41952842410397,-3.72742881861155,0.667533397792322,-0.120154395632604,-0.345088720920458,0.348943372989413,2.4817626970443,-0.776040223208999,-0.653820071938141,-1.7309092253376,6.21594028403225,6.3243446309707,6.38204146175265,6.64297605342864,8.05871889388501,7.10352603906864,8.54551544632027,8.48348148765338,6.13922959034889,6.75075420896883,7.07035937359419,8.17284191089767,9.1412213619723,6.32624010365697,7.08545272706346,8.53423469001064,-0.8833628851703,-0.103848603877002,-0.402235491056433,0.286076914974062,0.756315059497755,0.0406605099220795,0.612910407047897,-0.139261730700221
852,1,12,6,852,C12_p133_plate_11,WheatUG-1_GS0071_G2,Gene,-0.408581409488013,-0.0994204741509723,0.298988851997452,-0.338421559429863,0.236492809195254,-0.0263632663020355,0.169356367233276,-1.18791183911564,0.375851263454367,0.671779222293601,0.692067984800396,-0.00908348998668851,-0.448507419229738,-0.465097823521068,-0.982417632863113,-0.755645753438742,9.98355156829091,9.95874094215017,10.3000793226826,10.9713858883565,11.6875685269792,11.242556201916,11.275875549747,12.0091203449959,10.1983014274032,10.3809214643809,10.1117489762579,10.8299763018615,10.5056173426457,10.5868582591992,10.1803717465698,10.6300655518559,-0.421434952167589,-0.204660073552124,0.0339976523020336,0.081833766508817,0.0303357632073135,0.109274926043136,-0.21212700547964,-0.555677161137711
7397,25,5,15,7397,B12_p638_plate_01,WheatUG-1_GS0087_D12,Gene,0.323375240859797,0.0880343500801199,-0.461101352382531,-0.213383577985395,1.31608162643251,0.196921601687206,1.21461352488927,-1.46745918988601,0.132166349369575,0.0952681687178486,0.564123669746657,0.247965704941494,0.837910892619659,0.0183611645405071,-0.38775651885768,-1.5216613922979,6.06446335582333,5.6213029588036,6.65507358691779,6.8299872474106,7.77722134223475,6.69974184241569,6.71002198588793,8.63747958695185,7.65955386431745,7.80179399933346,8.12590128207482,8.34766026437017,9.48004976603153,7.88884543904367,7.39174882985455,8.48038855080689,-0.248389108779033,0.0297303102000213,-0.332651181213412,-0.073588219014214,0.508969277446155,0.523872015601719,0.317936078165073,-0.234149041168743
9895,47,11,14,9895,C08_d26_plate_11,WheatUG-1_GS0012_F5,Gene,0.583796827324597,1.3473995007874,0.481042446829266,0.0538118067429299,0.840896635370179,-0.0455723527220736,0.976842827097516,-2.15634330738679,0.510020297097724,0.808880746722648,0.171747829953419,0.246222129604195,1.31577912356222,-0.744110197787413,-0.70661941593558,-0.980142675153896,5.68728265023833,6.98386308157595,7.40875853143937,7.70503110984645,8.54194801720063,7.83248123791099,8.33813471734467,9.3016111825486,7.55290545412156,7.97268849016301,8.14699464855344,8.75682888270627,9.43707133701893,7.623047727574,8.08929215835544,9.25494492735624,-0.45165909518797,0.508364414724766,0.255011775604047,0.322774170068529,0.754842078099493,0.055740478703528,0.117718297011014,-0.210966007970238
342,1,6,3,342,B01_p436_plate_08,WheatUG-1_GS0083_E10,Gene,0.06523955741718,0.580345870142243,-0.445127387003461,-0.131577990337954,0.311481475637133,-0.0679193639072986,0.407489669196081,-1.72270385178664,0.18813513941202,0.160510692292424,-0.221522437421828,0.0218518478442978,0.253412785744127,-0.430826713207286,-0.48924399110575,-0.526586363116034,6.92490064469115,7.44871745061707,8.14759087862446,8.28702513962059,9.12067090801243,8.57354785828539,8.74281514789953,9.16407992251132,8.14087422179713,7.60741061110902,8.2564891091568,8.82456454528209,9.01694622575583,8.33482910221681,8.00802005482103,8.78445077338139,-0.475038967041181,0.0792130321865241,-0.15322257934977,-0.0916795975212743,0.148456740833933,-0.10219675972482,-0.0319554594931674,-0.397096939990615
4710,13,6,14,4710,C04_p638_plate_02,WheatUG-1_GS0088_C4,Gene,0.149853852515658,-0.172114703180494,0.0198435039412693,-0.250040755585301,0.474090936228011,-0.367465285014145,2.0861156768804,-2.47424032493138,-0.133032542023411,-0.146903494201987,0.42220121900971,0.0700971881974105,1.15794223515639,0.172768313841143,-0.32440745832335,-1.28580778863145,7.93986327380942,7.78458027380433,8.41734555132442,8.57522197447839,9.24379889668305,8.84936341705003,9.50326430919633,10.6912852839692,8.50450221622548,8.81337990338876,8.71237695650446,9.26039158445224,10.4756795762743,9.16127847071989,8.92212262400591,9.96119793720282,-0.571162675149497,-0.123392950797543,-0.253969442215241,-0.0732831513675081,0.308772230399277,0.17539879601618,0.366085030435079,-0.12899755038151
6470,31,2,9,6470,B12_o232_plate_01,WheatUG-1_GS0063_B3,Gene,0.984161516501606,0.14316103698901,0.701200005507505,-0.596529949732376,0.789896886585533,0.000477684919323651,1.99188292390676,-2.27552836033365,-0.453967375354421,-0.0791083279744778,-0.358028321029768,-0.405351711308535,1.51273280327844,0.0173173503099817,-0.379326123710076,-1.12247813664219,6.76063055074967,5.38824213553089,5.67155523172245,6.13778705207383,7.69319690338106,6.555975355521,7.6715590368247,8.02976767606373,7.85735285569927,7.71774907484236,8.14275233195643,7.67535664520078,9.7129431784331,9.86777249830481,7.44320256318385,8.16538474065458,-0.432004217219121,0.167222025451516,-0.159036353793861,-0.188662257721957,0.40674785303928,0.112415900196267,0.301920693451869,0.0266523075523408
6743,26,9,11,6743,B11_p234_plate_26,WheatUG-1_GS0077_D4,Gene,NA,0.453056282263566,-0.386727647112359,-0.35922897665644,0.432962346718056,0.0604154707602013,0.762804856031564,-1.8246432346242,0.411784579869649,0.369408933788637,0.0366922495904911,-0.18664379322812,0.422497427944728,-0.828936710636911,-0.953934954157103,-1.02132959511944,NA,7.18103056042891,7.9725248292384,7.91282900753872,8.64032625141623,7.83589451547305,8.08177788773073,8.95467576940438,7.30248489035963,7.73824965774212,8.31335086935104,8.54312601605903,8.94581476930153,7.6224565736391,7.65166059933285,8.72373031993457,NA,NA,-0.229577177594436,-0.130203959281817,0.216409932948745,-0.0747166608920406,-0.0793396051483645,-0.415167636441838
8956,40,10,9,8956,B11_p234_plate_15,WheatUG-1_GS0074_B7,Gene,-0.606765634201144,0.201554536536376,-0.373453174869257,-0.536429831220215,0.605236763321216,-0.198183257932028,1.24934469354902,-1.64328596713006,0.207588672269867,0.14548538931376,0.246190356694058,-0.119893163251298,0.82126576152042,-0.329477766512771,-0.210264868407806,-1.19175173891002,6.65930174727016,6.9019014943139,7.13704740135758,7.25449117926902,8.56303032585349,7.14489375084197,8.04796294130952,9.00954566328068,7.36048265036839,7.5007354895574,7.86670691969081,8.30130238158989,8.64924391412151,7.45510261762889,7.48556565336889,8.60960379337156,-0.592985173893527,-0.117497644189703,-0.279365005137211,-0.205546874267726,0.258889520733796,0.0809415238926189,0.180250850989471,-0.191106812742661
792,9,8,5,792,D12_e29_plate_01,WheatUG-1_GS0015_E12,Gene,-0.116353634350747,0.779286316994852,0.193948197212767,-0.236713197597339,0.770962781385433,-0.149972713737755,0.767161526564267,-1.84265322860473,0.0136569372794069,0.0858803669621078,0.103662156616141,0.0351075069606508,1.44838260967092,-0.131896813547476,-0.27226676645461,-0.527698672473939,6.79099084763244,7.6118859438577,7.91134158274964,8.12018135991574,8.74432671293593,8.21221976561401,8.12057822985753,9.81925857404699,8.0835939856759,8.1241904306631,8.60481815858918,8.77784070760408,9.34737564061476,8.23899113914744,8.40194476480654,9.50232704270243,-0.519311684805886,0.1191365707879,0.137299499587455,0.00149986096387136,0.517128140105281,0.148188852679086,0.0950073883331383,-0.0387019412108694
5549,25,5,4,5549,D10_p537_plate_06,WheatUG-1_GS0087_F6,Gene,-0.0367737262578143,0.0689242893756223,-0.026149543414624,-0.102630178543107,0.263995967864937,0.241180560685376,0.269887990064733,-0.956848786083397,0.19718218287869,0.00103894819362904,0.303188654050379,0.0791881159787471,0.370507427957255,0.0625632197624113,-0.348660646662979,-0.783504770755197,7.38811363941991,7.22153902278329,7.81132619081248,8.26474754580885,8.16514442931052,8.1957829262824,7.75667553444205,9.3809684630254,8.34282703499548,8.21169385497342,8.71807613333646,8.75777874160885,9.79542798980352,8.64887236417469,8.40644135436235,9.12533353508177,-0.183469277425027,-0.0788677838378854,-0.109385342685955,0.0368976442249266,0.133228041368179,0.217732100590776,0.0603990050164694,-0.274989534704151
6479,31,11,9,6479,D01_j223_plate_13,WheatUG-1_GS0043_D7,Gene,-0.400539106194391,0.175521025823674,-0.0634697948355213,0.0116210483624014,0.205238527436023,-0.34188285991947,1.52319851171535,-0.922249972844164,-0.0265915138158672,0.10611990439681,0.0501233447076203,-0.53689970953227,1.17475423264944,0.0887640185024634,-0.165128583054865,-0.0630062823472701,8.07214075988563,8.09595585077894,8.32252052341898,8.44279325730787,9.41959402221642,8.39125337213551,9.09752820994533,9.98003607892844,8.53951384955222,8.64881334483157,8.64946150780136,8.9372364408976,10.2071486739021,9.12619247233241,8.89601062957129,9.51628995452376,-0.31515414358799,-0.071006689757193,0.0247920733371256,-0.153834992455314,0.374433428211169,0.000560757681659252,0.119821839802187,0.42817412229334
4972,20,2,15,4972,F03_n130_plate_64,WheatUG-1_GS0062_E5,Gene,0.277800988924289,1.06717848163811,0.312235951876066,-0.187441146116693,1.07693165314189,0.00452769822762622,1.79547317024512,-2.60351113292298,0.780892198387558,0.767211246249732,0.594415535150528,0.307442644875595,1.29246298337255,-0.342798046944998,-0.705571422170383,-1.17998056865007,7.71493144968422,8.21536359449036,8.78711421171137,8.69421796606393,10.1094690135369,9.15338208874214,9.67252252005496,10.1001028649565,8.28406144178167,8.35447014478672,8.87677465756986,9.49699465535336,10.6870813670554,8.97295697837868,9.04544282988131,10.5860910190751,-0.471903998139033,0.351654823660438,0.198462350003658,0.303282412255631,0.737291184161871,0.333269209893762,0.35046802279449,-0.173888886988845
7765,39,9,2,7765,D08_p234_plate_23,WheatUG-1_GS0076_B11,Gene,-0.197103081606928,0.198313758718877,-0.148622649116361,-0.127388930680866,0.57003013340344,-0.0487211085097398,0.428042903254032,-1.25404067778463,-0.0445209876683406,-0.0901750598914309,0.165303075200822,-0.10639576074112,0.703214237093551,-0.0863979383395874,-0.446730709209188,-0.936428975998016,6.42930444587987,6.67580173625123,6.81966818078291,7.00196422874359,8.13100159527667,7.00837932559764,8.31249416316887,8.3997896606127,7.29839244607858,7.42861383348662,7.633566545061,8.12579396366077,8.56936736541532,7.44919108395904,7.34766938825317,8.57016794125812,-0.395515671349871,-0.133923772997168,-0.18035869779867,-0.106732082051672,0.263920094981174,0.150053540438734,-0.0434511688015039,-0.264803128358765
1686,1,6,11,1686,D09_p537_plate_05,WheatUG-1_GS0087_E2,Gene,-0.0317220836672045,0.22095412090997,-0.017156000928796,-0.0978131836852094,0.4868076816176,0.0283906793568444,0.699574785897598,-1.60260867217968,-0.106040214223374,0.0891478026234578,-0.133011119368492,0.0541887602104462,0.320481716456003,-0.11872591921156,-0.475885918814911,-0.53874379908554,7.22556613867175,7.43408101345347,7.9491530645941,8.40191911247499,9.12765309504818,8.61004380048735,8.91327457458367,9.81305133877006,8.73385736138192,8.80779030629221,8.79462288204572,8.9095177235367,9.81239769454613,9.19357649927814,8.76291020906939,9.51942648572779,-0.464774222320454,-0.0493765197371718,-0.116989199618214,-0.0417051596567334,0.199656004252963,0.0658653305985981,0.0765670766624944,-0.280323992227904
1992,11,4,12,1992,D10_e512_plate_09,WheatUG-1_GS0027_C9,Gene,0.270815431950456,0.850267351868895,0.185925683707382,-0.0174124298137877,0.504726413982885,0.271464345210113,0.984893279487543,-1.56832028750745,0.584532750318928,0.40773399711061,0.133172344634743,-0.101553630825585,0.875666004498478,-0.524102958683091,-0.574509625942173,-0.298449848297471,7.7708992754007,8.1685236710824,8.66003840972962,8.87340112931705,9.78964661833394,9.13929330403122,9.2447663297649,9.95321733055791,8.11287300768707,8.247159742974,8.57317670753357,9.04157164280186,10.124618363807,8.34563778394629,8.80364275169251,9.8823664324093,-0.309268765980288,0.238576788746947,0.217728882978387,0.162873093346734,0.442678496444546,0.0963150362861624,0.145073591982474,-0.00155271295472403
2924,17,12,3,2924,B03_j223_plate_05,WheatUG-1_GS0040_A10,Gene,-0.0731647224148975,0.718057497591478,-0.109324851824555,-0.409745639335789,0.165517648767793,-0.372898743477044,0.420690466695548,-1.2256169963951,0.198200549371327,0.310990995676184,-0.356055894405719,-0.070536699488059,0.251644060814961,-0.328706111211546,-0.304295560789573,-0.0773327693083057,6.7885176507424,7.03856873574494,7.23627618238783,7.8487126777955,8.69946440341135,8.16934020569801,8.11121719165213,9.02226968943087,7.5123187427058,7.63723453211571,8.33131681153901,8.76879333768809,9.03945904482694,8.08780573794233,8.14884256726598,8.85977299154269,-0.357321820162555,0.162897052515798,0.0438359955132246,-0.0978516603192689,0.0796017664807872,-0.223035775081629,-0.0817601342647822,-0.157653809548225
2774,19,2,2,2774,E01_n130_plate_48,WheatUG-1_GS0060_C11,Gene,-0.0225022050429109,0.783661072605808,-0.0388228937870369,-0.451976042992147,0.96192559219656,0.466470789509902,0.673849747574433,-1.86620480744765,0.957948495045353,0.603220546015514,0.310552770863161,-0.196784197639884,0.16667965522613,-0.733197864287956,-0.679359305342307,-0.905506292442204,7.6188600182927,8.50249695012925,9.1208084827003,8.16862211733141,10.2948710092635,9.2896217239696,9.55450883114217,10.0454481830382,8.46805558305502,8.37448440881555,9.25992976676077,9.70194236332179,10.0494908724663,8.66801770071207,9.03435896598354,10.2177472790858,-0.415989095433291,0.171255027059026,0.0374711643099322,0.0675913401565714,0.319962437611514,0.251437822070417,0.0660442585255362,-0.482795424272323
218,4,8,2,218,E08_p234_plate_26,WheatUG-1_GS0077_G5,Gene,0.034611807862618,-0.190498332108096,0.145629530917394,-0.191357235984118,0.659639879751136,0.356267210806084,1.2214593373371,-1.23192025540027,-0.0507963703295127,0.13530864014886,0.512900993748628,0.518175447784137,0.487897694294757,-0.233086615003724,-0.485393952299174,-1.35353660385027,7.51259324601245,7.73597295440728,7.3533874335475,8.32575926541306,9.69044962683512,8.91691916377432,9.60526809829417,10.3700973781119,9.3080857848078,9.16659826784338,9.24848397571316,9.60194675346591,10.5693269422393,9.15988568045961,9.55235711898808,10.2498279895051,-0.370297858217721,-0.126492959098948,-0.221376102823087,0.105412843096975,0.272872244552659,0.323930367325531,0.402627010907037,-0.21902495690467
8922,38,4,9,8922,C08_p638_plate_10,WheatUG-1_GS0090_F4,Gene,-0.193646665304472,0.616815786959572,0.227969591973433,-0.273521128444172,0.786888461686382,-0.405890692756202,0.491783444529761,-1.42024400602384,0.0377024944676688,0.0251048390361419,0.627675056203785,-0.577079802366217,0.483578138163907,-0.513128877481879,-0.403099949793325,-0.517952202375535,8.95948836027585,8.96034530294114,9.45120536910003,9.53113971359605,10.5271737731519,9.85691130064926,9.83952756791335,10.795343176574,9.02583572333766,9.26749100519057,9.65706821081044,9.94250730884535,10.1593871077324,9.38430849405259,9.48074874222564,10.1189065830161,-0.52232926358563,0.0112935027244795,0.238627058190314,-0.146232211092322,0.255512577610565,0.123885986913022,-0.223571750096496,-0.240708656426426
5210,25,2,2,5210,H02_p840_plate_05,WheatUG-1_GS0095_D4,Gene,0.107249573059206,0.238840035874075,-0.372473111710709,0.0666973806295954,0.0832804762457156,-0.132614622382209,0.648008528319909,-1.40110926517086,0.343607513479436,0.138528953055027,0.240305703626656,-0.151818357202105,0.533150924483985,-0.0562852486608165,0.0593499668779911,-0.233117060748825,8.25769349683256,8.16327314935736,8.79450992843304,8.36022763699557,9.14869862735106,8.68836832923513,8.44045660019835,9.87364458224486,8.27537182493125,8.50790641571946,8.75278656889759,8.94136851994512,9.57987928161204,8.71734091416281,8.52424443991715,9.01194118541714,-0.251634356823259,0.135992132216575,-0.0316111082397008,-0.0284966437009456,0.205414433603581,0.0336715772073364,0.105731378903396,-0.113266718278948
807,10,9,5,807,B05_d26_plate_16,WheatUG-1_GS0013_G4,Gene,0.135496656897285,0.510253085899051,0.0268575729396213,-0.0780645472654925,0.778710668503735,0.0246931391341204,0.865675125654974,-1.80396951319892,-0.125457306357518,-0.0422092464828145,-0.135592668613435,0.427224054944964,1.49747478412695,-0.126676431099839,-0.14387701077905,-0.421195246413566,7.53485693023083,7.84940053201437,8.29779591473893,8.4147355996287,9.19928702368425,8.22278737482434,8.49011750194728,9.61575420328145,8.05311482686445,7.7856933042793,8.06359713376352,8.57966001557518,9.07537268561017,8.07851468063785,8.16980380400826,9.39121947424319,-0.480151648439748,0.114915871383618,-0.00491931404708219,0.0626399435653938,0.538977914720593,0.135283676981146,0.293428827238752,0.0344962875423583
9443,39,7,12,9443,H07_p436_plate_10,WheatUG-1_GS0084_B7,Gene,-0.252912670855675,-0.0277690787645397,0.27538140071169,-0.581087576008899,0.285409442265289,0.0110727019955495,0.877614213250275,-0.976158455053506,0.139389964703071,0.0792718404751119,0.200806207722489,-0.419529148602154,1.34115053230214,-0.0743001965162577,-0.44293056612455,-1.14639801677834,8.22944093148829,8.30268896445737,8.96952109468379,8.86793357801366,10.1414045273115,9.25535637962442,9.52765715106997,10.3656256783223,9.60939183992483,9.50521346909241,10.388779613691,9.94312479810715,10.8607440121942,10.0740016009753,9.689946764304,10.7646199847225,-0.290995339430592,-0.161085118817413,-0.174494871777176,-0.146461339799073,0.281186059758411,0.105747038866767,0.00655680012978016,0.0240520684301427
3772,18,6,8,3772,G10_l226_plate_08,WheatUG-1_GS0050_G8,Gene,0.0336305692966974,0.678076478378722,-0.0672005940144652,-0.152046205908991,0.58590963580191,0.000985516323904867,0.555838174661976,-1.10311361821021,0.00668149551491914,0.215754486233551,-0.614837680620325,-0.35345186148293,0.439970050336047,-0.733014497121717,-0.173189634490289,-0.603308833390845,6.95041256836616,7.32713219132478,7.50691308116842,7.45057662196178,8.48168085264134,7.8507154764147,7.79192571391981,8.40505796310501,7.29422715844486,7.33100489998885,7.74121806432341,8.25069549736436,8.73836316434259,7.30940044335771,8.64507994745262,8.33172909914794,-0.448954012630078,0.18856797485467,-0.151817657411729,-0.141504291472867,0.272396991615629,-0.190239256404057,0.00754554875316547,-0.177653556650758
2062,4,4,13,2062,F05_p638_plate_06,WheatUG-1_GS0089_E5,Gene,0.105861587782506,0.289415622710496,0.102588477936411,0.230945001762453,0.0985227767710529,0.393876817363987,1.66228001440297,-1.01586089162447,0.0133924662379598,0.0888203049067464,0.0277094123041093,-0.0543223273181709,0.692466899542819,0.14330584847043,-0.34824495059999,-0.654010094133898,7.44369035063523,7.32967533775814,7.44108949665163,7.98518675351282,8.82099844251739,8.32991681527373,9.19821763558946,10.2417087430747,9.0693304937836,9.54447821878885,9.97718334717407,9.46551286620315,11.3841471888988,9.67845035328202,9.90791412912538,10.4903336886833,-0.188325247283395,0.0339631411999396,-0.0585741452957205,0.0731509046546631,0.277688745745768,0.165853713727395,0.413397388462199,0.171218982046854
3210,14,4,5,3210,D08_p638_plate_09,WheatUG-1_GS0090_E2,Gene,0.0405574813842118,0.232640479854315,-0.452673526115042,0.584747697338631,1.22271489501293,0.269480932378997,1.29492290242772,-1.51597138362571,-0.331922354388706,0.0978932681253656,-0.235732692026055,-0.299289947302636,0.99149899825955,0.0104192437481649,-0.0887269737686744,-1.24945269475917,5.56741208404799,5.85588770646319,5.93409449481021,6.69059272662128,7.33713761979852,6.35356169115891,6.67983171823052,8.18531907263773,7.37300149120218,7.45565811754769,8.11818885084021,7.75648805461829,8.91420277233034,7.73547415671098,7.48932615820208,8.44979237269039,-0.449229253220509,0.0705910638988045,-0.426304608261488,-0.124784532616938,0.724213714684119,0.31672059477851,0.294096728433853,-0.119750544424401
634,10,4,4,634,D10_e411_plate_13,WheatUG-1_GS0025_C6,Gene,0.492260538338778,0.686786016227573,0.051459670099668,0.0763217025933896,1.13298347554759,0.255833565841487,0.666394484229031,-2.51435111513904,0.483640274390825,0.291651184241609,0.39931887720398,0.32135863750991,1.09122629378847,-0.472858854267027,-0.521323425387827,-0.765626069392774,8.35100983751044,8.92931870388722,9.30960664245807,9.16296325657928,10.0783083298854,9.15124407388135,9.7963905097416,10.5082261763891,8.79424275803521,8.75206505135566,9.26119325384494,9.73968438380701,9.96371110394945,8.43752835390616,9.03440770632403,10.2601966443354,-0.502827289169117,0.237343578355033,0.0929846235346116,0.233195071148448,0.648045664042765,0.328819266081507,0.18056581554815,-0.380589101628578
5200,36,6,1,5200,E03_e310_plate_06,WheatUG-1_GS0021_B1,Gene,0.0666459265627162,0.237568679396824,0.388784623329883,-0.101047176606804,0.169139481637991,0.220956908716115,-0.0405957643327783,-0.817727849898622,0.117968732740255,0.428002611649122,-0.202126723980811,0.384097652962581,0.297975429175009,-0.647014854462368,-0.546502356425649,-0.209686294385078,7.82797873599048,8.14013656630736,8.31094145974519,8.56768956795061,9.30719311743977,8.69110840952134,8.67049620401921,9.19506130568602,7.56165589991032,7.6258370408574,6.63797814162879,8.98438414479329,9.0844950994123,8.27866916510131,8.57827831597947,9.27188226491462,-0.320032011264505,0.0464287152957533,0.0536350710902044,0.197450958106479,0.19851758646383,-0.114761297022268,0.00448911023006711,-0.192508619860367
6352,34,10,8,6352,C03_d15_plate_07,WheatUG-1_GS0009_H10,Gene,0.403387936638087,0.259983471381138,-0.170696574567944,-0.011008101822706,1.28042545406908,-0.22743708290104,1.63875911317509,-1.78930070769796,0.341281544353265,-0.0111566988532071,-0.102654949395003,-0.139239096195524,0.84095285656784,-0.463914511491343,0.0926083101250721,-0.556494888783853,7.44140364857798,7.99399958909184,8.24132851345042,7.92275182788934,9.31087495644828,7.92497936648821,8.44830651917439,9.14642319982169,7.61788574027457,7.88449341371018,7.98466876344629,8.63221481782554,9.14387278508522,8.02787014273432,8.188548386149,9.38794377825452,-0.377136434549487,0.186205754822773,-0.142465735341415,0.00508444294177254,0.524803377490253,0.121604727570425,0.341172811050899,0.0334790933152798
8786,40,8,8,8786,D08_p335_plate_03,WheatUG-1_GS0078_D9,Gene,-0.466171740271653,0.0103177125688945,0.189345742499294,-0.0708493309018701,0.0342070503185308,-0.235300806746758,0.252854403296938,-0.150740507971239,-0.138225368238911,0.364815526565967,0.0378200765905685,-0.222976213429341,-0.141013020167879,-0.00496215876447814,0.121313069138107,-0.285907771604942,8.40758720582157,8.46970001823903,8.70851586744339,8.92537521782691,9.51612767001803,8.12004025303319,8.83329221044599,9.56162892240715,8.88761821330736,9.04895492622075,9.04215995691737,9.36939525782801,10.0548346129182,9.21599656763721,8.86845810072217,9.76173698277968,-0.19002494381157,0.00756864200032906,-0.0121060599865462,-0.0606762925177071,0.0467900564536873,-0.0420589596505342,-0.0210273869352634,-0.0812017241117805
6121,30,3,7,6121,C02_n130_plate_20,WheatUG-1_GS0057_H6,Gene,-0.0753276112972667,0.380859167504188,0.377998570142312,-0.119875221828109,0.454218608773915,0.00691758756622546,0.159258501906743,-0.345708379614887,0.308446814332214,0.176131603386952,0.530757183716424,0.190623967992305,0.171386358243292,0.0846685262704256,-0.168578830419721,-0.434969869241593,7.25031043502519,7.25122002387204,7.53244086324123,7.65887347591007,8.5803776334985,7.81960939828095,7.90948190824791,9.0219583572321,7.80216441255949,7.53686883451449,7.67162074172303,8.40512667365011,8.80272056704811,8.08901668288746,8.12552205159956,8.84582215808655,-0.00698016257737863,0.0782710822935383,0.213661263030333,0.189298532659681,0.170465337144013,0.269140476581747,0.0470553067613882,-0.112508347176611
8676,44,10,7,8676,C10_j324_plate_11,WheatUG-1_GS0046_F1,Gene,0.448947508420787,-0.239890330357857,-0.155614031319124,0.2129916678151,0.118990488600886,-0.272450030457448,-0.141446360210763,0.31101020521907,-0.0383458151233667,-0.459931783775838,-0.117767150314171,0.10073176294391,-0.0181341221105795,-0.0070466005729144,0.757072502676041,0.679960239414965,8.875743307108,9.01980881040179,8.71648185995789,9.09471895378472,9.70299660248574,9.0201103159733,8.74355313445689,9.976857778233,8.44034554236923,8.71603217900725,8.85177107571092,9.49148551594097,9.46115199165966,8.62852228631668,9.04288141732965,9.62759277265365,0.178641324485894,0.126549474240783,0.0416721818559531,0.0299408960791299,-0.036520937367608,-0.069568323185912,0.110976968737935,0.207847490578173
3729,15,5,8,3729,G02_p638_plate_03,WheatUG-1_GS0088_E7,Gene,0.0145135169315773,-0.0927083899204577,-0.0460454328665377,0.0801658014130354,-0.168315574241894,0.124703350980752,-1.42509137998824,0.675102498799555,0.130547827538816,-0.0247576923770574,0.0134588437702661,0.0804440911806287,-1.56638585009647,-0.0595198182341276,0.0379406101400352,0.316806291142908,12.879381957121,12.5879805230964,12.517751276891,12.8913821931819,13.1623502594445,13.0412078981727,12.102582275824,13.0574185739466,12.5889592274813,12.742086121892,12.8239000837422,12.7918706268306,12.230912403241,13.1251352177702,13.2142985623106,12.9920182451181,0.190161006258955,-0.0162529888064756,0.0478778280315448,0.0612780718164856,-0.419823328825596,-0.0224182994312509,-0.295500831921707,-0.499892110035562
3368,13,8,6,3368,C02_p335_plate_09,WheatUG-1_GS0080_G8,Gene,0.0821306703406761,0.0484111239207845,-0.0902790016232125,0.118831756807741,-0.389418549195113,0.232321268423497,-0.844913209220378,0.485814613906679,0.179349685632888,-0.0689281107835663,-0.262444859001268,0.169464522179211,-1.74601042126367,-0.00891199275525356,0.0957441792141993,0.677763673098453,12.7599741798451,12.3565928839194,12.5439371136573,12.9142928953011,12.8840623629229,13.1276323566878,12.1232521196368,13.1960429414412,12.6018869135414,12.5896221498755,12.7032060583974,12.6172960024212,11.9983503479545,12.9072965235106,12.7428503057458,12.558155104865,0.184595744281247,0.0393394656730234,0.0933627340986893,0.0943417407491567,-0.521381331108653,-0.107113533132034,-0.0868458098508677,-0.35683633586973
479,11,3,3,479,E02_e512_plate_10,WheatUG-1_GS0027_G11,Gene,0.254711072859513,0.082339975940477,-0.182595873121779,0.267202138411199,-0.220076029146047,-0.0585387392402118,-0.191035464268427,0.347563164272999,-0.11295104242314,-0.20463344995543,-0.200512798285785,0.204048114505741,-2.36471512606357,-0.0753963631797061,0.386230204376858,0.86612152748583,11.6038544393394,11.2879004642115,11.2135509811303,11.5444897087888,11.7637841294126,11.3203967082289,10.5483055164225,11.8136582740505,11.2662020374549,11.0194906246935,10.9639863010062,11.0441381989162,10.4279891932333,11.1992199828023,10.9898370540799,11.4645611116476,0.103481707882416,0.129661950805355,0.141338208004686,0.043925834343005,-0.630555616688462,-0.138630982462937,0.08517602884349,-0.335516474643292
3448,19,4,6,3448,C11_n130_plate_01,WheatUG-1_GS0056_G9,Gene,0.437751680640459,-0.86440043455523,-0.0278089315660923,-0.0528223216298188,-0.0215776899317333,0.00705977867574636,-0.198299723855062,0.37496312501906,-0.0581172663276341,-0.457677200731,0.0417214057989362,-0.0253076912426838,-0.055122404711144,0.0439092356625199,0.477493292440333,0.321754944167513,6.76798478827996,6.20422067353245,6.3476021548772,6.67993406862054,7.26422702653704,6.53265392283966,6.50807135764543,7.83056657524585,6.61365670208684,6.79979089758384,6.44533045074663,7.02069623568351,7.73835895191912,6.93610779602438,7.37526930287779,7.74094946636684,0.199626693748601,-0.10170816555136,-0.132183254038718,-0.0410140526915573,-0.146799904250924,0.0177781825513673,0.0652364140045835,0.110823985155092
7305,30,11,14,7305,C09_j223_plate_08,WheatUG-1_GS0041_F10,Gene,0.26896340017996,-0.162611167161152,-0.121312243076081,-0.0798780297115967,-0.553556061219484,-0.288490824204586,0.177548865192471,0.553533239432833,-0.0708121637602188,-0.501804145053968,-0.325987291462125,-0.26171956835245,-0.623405134137963,0.247957316711314,0.469208474950352,0.638526022257678,6.59751995500437,6.26621010280676,6.22711707373778,6.89807148094691,7.57651792091116,7.04446460006307,6.71144271020766,8.06789105541536,7.75885222380418,7.81073580493132,7.96978518705382,8.60292278476758,8.49017635898856,8.09908253768715,8.11817238102477,8.84683950174693,0.249910448140972,0.0184391407287979,0.00715383013958011,-0.133430501225087,-0.439660842530753,-0.23001921504372,0.0241367368964465,0.186550748186255
3813,21,5,8,3813,E04_e411_plate_11,WheatUG-1_GS0024_E12,Gene,0.50438845171503,0.15090570180439,0.479750728706649,0.169735001864357,-0.231754009349585,-0.171295886943943,-1.26056932558226,1.28938909501477,0.554753486285712,0.114190662722417,0.0426204786383515,-0.188203743635146,-2.24097311131131,-0.529012852274131,0.0790787789597314,1.41056529475988,10.2019265970333,10.0667557379964,10.0836645142304,10.5769434017852,10.916982289651,10.4902248069799,9.65425317232427,10.6181708504619,9.50943532487369,9.91989369258176,9.84530549762527,10.159346425769,9.67570663977117,10.0886974224093,10.4569252550173,10.0970872232724,0.454879545185345,0.212140898800392,0.520960550977317,0.254008868305393,-0.547200364018529,-0.222360567482327,-0.385247544300405,-0.200397011779731
8936,39,4,9,8936,C10_p739_plate_04,WheatUG-1_GS0092_F3,Gene,-0.00786343801006884,0.234928234569573,-0.277760299455349,0.348334694210084,-0.864899788915886,-0.161823227030465,-1.02013400016507,1.63949816554897,-0.32649166944082,0.000873287607846773,-0.150925459089607,-0.271355078457028,-1.67645869833488,0.39135205866053,0.47705809470263,1.17835843285888,10.6123116900526,10.5616042989138,10.3020574976573,10.6001109744556,10.9364724335792,10.3872509515006,9.87425692088351,11.212973733176,10.3391683623697,10.7660766659246,10.8638982039803,10.8053553594939,10.5653962505405,10.6619007883885,10.5000847967231,10.8254034429863,0.424123779189654,0.176249044717495,0.246150227220875,-0.131818088285778,-0.548037626358209,-0.196574104093857,-0.244063552737482,0.0303159749769782
1300,9,12,8,1300,B12_a22_plate_15,WheatUG-1_GS0007_C8,Gene,0.318440824444501,-0.376443618853699,0.440552144480324,0.368313128413944,0.274424459735974,0.0585485545590854,-0.274725770717572,0.479220446699727,0.258239814041963,-0.0454782461173326,0.279045370672498,0.148058993921469,-0.368657722504783,0.0284544694243158,0.245624004227205,0.422429293830416,8.49315372292772,8.69505324354992,8.68759708367586,8.44621326425856,9.2211835015252,8.76217879999663,8.29952438696115,9.52142526990283,8.67464501967568,8.79911242004633,8.76786795423633,9.1686016807738,9.09018101108191,8.73303491899639,9.08463387144134,9.36484288895995,0.271088888652627,0.0355357409251687,0.191395797532385,0.303791020214425,0.0571504048819506,0.160118213597968,0.0443764454975467,0.0645665618269469
5132,31,8,1,5132,F12_O232_plate_12,WheatUG-1_Control_K2,Gene,0.167178296799187,-1.05366525972098,-0.0431909500443732,NA,0.163071180895583,-0.453300294012458,0.384900271483243,-0.0592978586820172,-0.461430234394557,0.00157561827818908,-0.739959896381585,-0.857821310091035,0.377068697937485,0.149240811679496,-0.276366398108246,0.0664274850981137,4.73957763902731,4.68082941872333,3.7500641066044,NA,5.06784665047739,4.8593767807819,4.74147538974524,6.43121858021726,6.37199654115072,6.34287595893414,6.2239489909338,6.00941337399877,7.52671041878862,6.27719724841067,6.00928774264813,6.88342448387172,-0.0510772461494728,-0.290319435687963,-0.442597155262207,NA,NA,-0.220237049454741,-0.300646932682124,0.192274648959206
7317,31,9,14,7317,F12_O232_plate_12,WheatUG-1_Control_C2,Gene,0.0789412205888897,0.297280866854658,-0.0851953129052539,-0.0952886025685868,0.277291237467276,-0.174324892618568,0.752570916194766,-0.726631072042055,-0.31508823013187,0.0324069235958992,-0.574182372900647,-0.329639825931084,0.627212196206319,-0.312104391438064,-0.0762068475791899,-0.407502750424673,6.59339146772935,6.59627022793209,6.9402646204512,7.12627096386916,7.9620000256753,7.00410245572323,7.07083240258494,8.16509418414806,7.38143997817104,7.40451222005237,7.64468016822443,7.71697804865439,8.90282482791253,7.36838792297307,7.3751771045916,8.70334730667023,-0.318720618255775,0.0831055408650642,-0.192399892343979,-0.206302992884199,0.210405438675227,-0.195830104872501,0.0430998375164808,0.0614123224835891
7652,43,8,1,7652,F12_O232_plate_12,WheatUG-1_Control_L2,Gene,-0.0084358426757094,0.450551790564621,-0.0488800016488929,0.251861209403006,-0.52429829399221,-0.0208964024316783,-0.441129891456565,1.10994201321181,-0.18071991909694,0.117240752175741,-0.322876475615526,0.109712486853664,-0.915653405949278,0.552746109940218,0.482497076634162,1.05711149310708,8.14371683285649,8.19406706260087,7.90976930929631,8.52366924205549,9.13674278132504,8.48546113682855,8.59600729958296,9.60699882825064,7.92267933303276,8.40012197987769,8.55484047801948,8.96151848661556,9.16495687508536,8.89109666289163,8.77898758283825,9.48985008858025,0.368383090344846,0.260463444174704,0.28397670160182,0.0329934438777092,-0.267712434590685,-0.0788312655247989,0.0325458173998956,0.202567552228263
9837,43,9,14,9837,F12_O232_plate_12,WheatUG-1_Control_D2,Gene,0.00434741444848674,-0.0778459195120456,-0.448711496370493,-0.0206285619215132,0.131513082500476,-0.489636549370489,0.2668606026522,-1.82038072562419,-0.270179732446925,0.0543371729994867,-0.235448611239811,-0.344029004296493,0.629097139450447,-0.133898298402907,-0.0695771519159454,0.127847306678017,5.22700472417903,4.96978583072424,5.13187485752298,6.14710888402465,6.70933968818947,6.27296486427745,6.0878785367989,8.68817385907722,7.1403487192828,7.04443308423725,7.47709579179022,7.3205633406444,8.6191853149225,7.33056379795228,6.79743784467547,8.0701554150293,-0.555027835506384,-0.0221846209950044,-0.158539680111083,-0.270887198758856,0.198579708257224,-0.181867594128183,-0.159095525732682,-0.199143919210882
1160,11,12,7,1160,A08_a22_plate_15,WheatUG-1_GS0007_A7,Gene,0.738501104973448,-0.912908239715124,0.602125824508639,0.162770422584295,1.39039266956167,-0.422850126518652,-0.198808593629375,0.924020692001645,-0.176972511377909,-0.331471672112578,0.577533277818637,-0.105786323310773,0.0825994939788133,0.27606609573282,0.305953071265315,-0.0234846037396008,7.85147285770461,8.01530702770571,8.0585149611945,8.24382299013386,8.53554575110607,8.07550231640122,7.90706394707212,9.48696542270269,8.02514079793929,8.11937453038064,7.84931899865288,8.40453020584606,8.93584812175474,8.64583871791956,8.41611572675421,8.86708667218766,0.440403845332501,-0.0499814338972347,0.0608165647181376,0.120534353101063,0.326072728503051,0.455285479148619,-0.105372993048371,0.19608174715287
6180,34,6,7,6180,D07_e310_plate_07,WheatUG-1_GS0021_F4,Gene,0.0958013009585511,0.133982542179345,-0.0986981844314827,0.370274156363595,-0.32189239739718,-0.124656263503149,-0.340538137588012,0.631016866797979,0.266846425748951,0.0344989475289026,0.193033082505339,-0.150286645116277,-1.31758840423686,-0.0792260703306107,0.350313663918663,0.880619851755112,9.53147752699151,9.38627995597054,9.5900535525009,9.65606765004229,10.312526945722,10.0012422975203,9.13021870135474,10.2913291725481,9.27375521984332,9.48642998286929,9.43426131259892,9.83647520082301,9.57884769190584,9.60990000256274,9.75263593475286,10.1184700598622,0.228609630793718,0.153649113646365,0.277234323002078,0.0970339381411966,-0.308676924435385,-0.0831854121814002,-0.066291845572194,-0.0366224558179443
3463,20,5,6,3463,C05_n129_plate_09,WheatUG-1_GS0054_A3,Gene,0.0740947177478225,-0.604243322518048,-0.027894211763555,-0.41197496289595,0.0124811914624578,-0.523732170728246,-0.575071931101463,2.43628622092811,-1.1073210552942,-0.63374183879477,-0.293177959665142,-0.0130867911014205,0.388948193836586,0.665862503665088,0.694913230537756,0.357132044624711,6.21811858908234,6.22131851137303,5.82838701147197,6.15852691453504,6.17896765543224,5.63664232451628,5.4292573646539,6.55520421466254,6.35484039253957,6.53217341704926,6.37719832176901,6.82801874461111,7.15980693547939,6.91031946243739,6.84062701887053,7.68954614758744,0.517230596761705,-0.11724430325681,-0.142045862330509,-0.390069255263782,-0.161071854097919,-0.0346416088164607,-0.104244415598343,0.651823632071986
3496,22,10,6,3496,E06_d15_plate_11,WheatUG-1_GS0010_C10,Gene,0.0532005954248647,0.0427182245104438,0.324123077644783,0.288762342376543,-0.43229723210249,0.0180911801894441,-0.338703231134529,0.722069425186811,0.189220703663473,-0.0177636308911409,0.238468306176848,-0.0947834635016031,-1.14363712292155,0.135822958778222,0.265213000048136,0.945560963924046,9.98825111114475,9.64722601055779,9.73986669582309,10.0905490596903,10.5311788543964,10.0720244448957,9.43802495431603,10.5949103018641,9.67968557597974,10.094465254766,9.69736231623322,10.2958627366941,10.4153400742121,10.1761878173067,10.2393942905102,10.5525326396516,0.275078420763343,0.0858420472730759,0.38771764306403,0.176830665045799,-0.326233910884659,-0.00997869673949389,-0.037545628599638,0.0463225087636955
8368,46,10,5,8368,E02_d15_plate_11,WheatUG-1_GS0010_B10,Gene,0.0600074600933893,-0.000216948883796197,0.345941690882066,0.0614402166760215,0.245611056706057,-0.147721793783585,-0.144096406253978,-0.021131610975892,0.114474749770767,0.170139522718758,0.429166276660498,-0.374008876500292,-2.37156013849863,0.186901507032448,0.118717496327676,0.47774979733078,11.4781864851778,11.2256496535008,11.0549137527861,11.6417810569447,12.0195252251888,11.6042600809025,10.8210449663963,11.9600144898514,11.0455527377249,11.3947975764112,10.885466267026,11.1094038927035,10.5746390535965,10.7607854283302,11.3511839988902,11.4576371867444,0.0850630264801781,0.0871618825640069,0.313160203997387,0.0369619452071406,-0.473592335599449,0.178489261653855,-0.136777395052544,-0.514759589599431
3405,16,3,6,3405,A09_p638_plate_12,WheatUG-1_GS0090_E9,Gene,-0.00282154977118865,-0.0630378581078455,-0.429151441288193,-0.111678735496419,0.0633889868414137,0.229645849649161,-1.09870726940596,0.661874057289426,0.14525717892932,0.133350764441427,0.17196854078292,0.268198098807153,-1.25558079487725,-0.00819021100000827,-0.110246361770938,0.535176824577744,8.80691302744403,8.57697012145727,8.8688325696536,8.79797009154546,9.09213517106127,9.02644842574195,8.64321965624311,9.60774663357684,8.81169020603399,8.85623618767967,9.00564578960539,9.25582132482527,8.91237160701802,9.05078022494038,9.15989937336235,9.15259275579201,0.199029868861887,-0.0106887513021363,0.0537390164911564,-0.0318437247620347,-0.292629944772708,0.114203291568372,-0.177777420680147,-0.289309295604012
